code,bank_name,year,hq_city,hq_province,bank_type,is_state_owned_large,liquidity_ratio,liquidity_risk,dfi_index,dfi_breadth,dfi_depth,dfi_digitization,dfi_payment,dfi_credit,dfi_investment,dfi_insurance,total_assets,ln_total_assets,roa,roe,capital_adequacy_ratio,core_tier1_capital_ratio,npl_ratio,cost_income_ratio,provision_coverage,liquidity_ratio_page,liquidity_ratio_evidence,pdf_file
000001,平安银行,2014,深圳市,广东省,股份制商业银行,0,52.51,-52.51,189.26,219.98,153.79,152.26,173.08,114.25,77.71,343.54,2186459.0,14.597793898230078,0.97,16.35,10.86,8.64,1.02,36.33,200.9,11,年末 月均 年末 月均 年末 月均  流动性比例  人民币 ≥25 52.51 57.24 50.00 49.72 51.31 58.17 ,02_数据集/上市银行年报PDF/000001_平安银行_2014_年度报告.pdf
000001,平安银行,2015,深圳市,广东省,股份制商业银行,0,52.14,-52.14,219.99,242.89,176.22,223.94,214.97,158.69,156.63,272.42,2507149.0,14.734656808960285,0.93,14.94,10.94,9.03,1.45,31.31,165.86,10,年末 月均 年末 月均 年末 月均  流动性比例  人民币 ≥25 52.14 53.37 52.51 57.24 50.00 49.72 ,02_数据集/上市银行年报PDF/000001_平安银行_2015_年度报告.pdf
000001,平安银行,2016,深圳市,广东省,股份制商业银行,0,47.62,-47.62,238.0464767094582,254.1257021851828,221.0013059103179,215.9414927804658,276.4756760211951,182.9497211659928,156.1583770229246,366.4171814663653,2953434.0,14.898479119111029,0.83,13.18,11.53,8.36,1.74,25.97,155.37,9,项 目 标准值 2016年12月31日 2015 年12月31日 2014 年12月31日  流动性比例  人民币 ≥25 47.62 52.14 52.51,02_数据集/上市银行年报PDF/000001_平安银行_2016_年度报告.pdf
000001,平安银行,2017,深圳市,广东省,股份制商业银行,0,52.23,-52.23,272.718480490499,273.0164780110371,286.4377444833794,246.8211124047175,306.2629129032229,187.4585102910949,246.0463990827147,481.1551732231515,3248474.0,14.993695905576681,0.75,11.62,11.2,8.28,1.7,29.89,151.08,10,流动性比例（本外币） ≥25 52.23 49.48 54.29,02_数据集/上市银行年报PDF/000001_平安银行_2017_年度报告.pdf
000001,平安银行,2018,深圳市,广东省,股份制商业银行,0,60.86,-60.86,289.2218970329613,290.3174761782469,276.7694907277508,308.2500045643406,323.5051004729244,176.7616908333092,228.5089581933674,534.107123866978,3418592.0,15.04473932836233,0.74,11.49,11.5,8.54,1.75,30.32,155.24,13,流动性比例（本外币） ≥25 60.86 52.23 49.48,02_数据集/上市银行年报PDF/000001_平安银行_2018_年度报告.pdf
000001,平安银行,2019,深圳市,广东省,股份制商业银行,0,62.54,-62.54,306.6731788252541,310.9118426569078,289.6918471892091,323.5537172185323,336.372445634983,190.0576897364653,257.4417409581031,561.0368266670072,3939070.0,15.186455212803011,0.77,11.3,13.22,9.11,1.65,29.61,183.12,22,流动性比例（本外币） ≥25 62.54 60.86 52.23,02_数据集/上市银行年报PDF/000001_平安银行_2019_年度报告.pdf
000001,平安银行,2020,深圳市,广东省,股份制商业银行,0,62.05,-62.05,319.2411971591939,324.6704610098456,308.1600616722525,321.469573977965,341.7102932355901,196.0719443741431,331.8118141924344,567.3167399064348,4468514.0,15.312566472841084,0.69,9.58,13.29,8.69,1.18,29.11,201.4,23,流动性比例（本外币） ≥25 62.05 62.54 60.86,02_数据集/上市银行年报PDF/000001_平安银行_2020_年度报告.pdf
000001,平安银行,2021,深圳市,广东省,股份制商业银行,0,55.57,-55.57,345.3275668363117,361.6513907430255,327.1055027406079,324.5600892400979,339.0936741498352,210.5881074860299,395.8629381151222,551.5959393471101,4921380.0,15.40909953694402,0.77,10.85,13.34,8.6,1.02,28.3,288.42,21,流动性比例（本外币） ≥25 55.57 62.05 62.54,02_数据集/上市银行年报PDF/000001_平安银行_2021_年度报告.pdf
000001,平安银行,2022,深圳市,广东省,股份制商业银行,0,55.19,-55.19,348.4653594833445,382.5049962952052,298.8639841128037,326.2219416861502,314.7504871931519,204.7005040349406,342.8341832293733,498.7565289595871,5321514.0,15.487268407296945,0.89,12.36,13.01,8.64,1.05,27.45,290.28,21,流动性比例（本外币） ≥25 55.19 55.57 62.05,02_数据集/上市银行年报PDF/000001_平安银行_2022_年度报告.pdf
000001,平安银行,2023,深圳市,广东省,股份制商业银行,0,68.01,-68.01,359.018699074235,395.205572191311,310.048071867709,328.539620867991,314.699580125561,210.940221445104,346.566174857403,539.784111756452,5587116.0,15.535973790710088,0.85,11.38,13.43,9.22,1.06,27.9,277.63,18,流动性比例（本外币） ≥25 68.01 55.19 55.57,02_数据集/上市银行年报PDF/000001_平安银行_2023_年度报告.pdf
600000,浦发银行,2014,上海市,上海市,股份制商业银行,0,32.93,-32.93,192.59,208.34,186.97,150.77,226.74,115.67,89.87,477.29,2.0,0.6931471805599453,,21.02,11.25,8.52,1.06,23.12,,40,报告期末， 根据监管口径计算的本行全币折人民币流动性比例32.93%，较2013年末上升,02_数据集/上市银行年报PDF/600000_浦发银行_2014_年度报告.pdf
600000,浦发银行,2015,上海市,上海市,股份制商业银行,0,33.5,-33.5,222.45,228.17,209.32,227.4,266.98,161.36,199.2,367.15,2.0,0.6931471805599453,,18.82,12.23,8.48,1.56,21.86,,41,报告期末， 根据监管口径计算的公司全币折人民币流动性比例33.50%，较2014年末上升,02_数据集/上市银行年报PDF/600000_浦发银行_2015_年度报告.pdf
600000,浦发银行,2016,上海市,上海市,股份制商业银行,0,37.05,-37.05,238.9574045141271,238.0113742790338,244.5500820572674,231.9330221006705,306.4841753074112,184.4975203606995,191.8980558760722,434.6384817621619,2.0,0.6931471805599453,0.98,16.35,11.65,8.53,1.89,23.16,150.0,48,截至报告期末，根据监管口径计算的公司全币折人民币流动性比例 37.05%，较上年末,02_数据集/上市银行年报PDF/600000_浦发银行_2016_年度报告.pdf
600000,浦发银行,2017,上海市,上海市,股份制商业银行,0,57.16,-57.16,275.5547714144731,253.361588845234,320.5023022632722,267.1763601615168,330.0712217968439,189.8444968690627,288.7755827854648,555.3006227909619,2.0,0.6931471805599453,0.92,14.45,12.02,9.5,2.14,24.34,,54,截至报告期末，监管口径计算的公司全币折人民币流动性比例 57.16%，比上年末上升,02_数据集/上市银行年报PDF/600000_浦发银行_2017_年度报告.pdf
600000,浦发银行,2018,上海市,上海市,股份制商业银行,0,55.43,-55.43,291.4432334937413,272.4199714695492,307.7186201992996,324.7005949986161,351.4691567829301,179.1640680739822,281.2136802651221,622.5968975015479,2.0,0.6931471805599453,0.91,13.14,13.67,10.09,1.92,25.12,156.38,53,截至报告期末，根据监管口径计算的公司全币折人民币流动性比例 55.43%，较上年末,02_数据集/上市银行年报PDF/600000_浦发银行_2018_年度报告.pdf
600000,浦发银行,2019,上海市,上海市,股份制商业银行,0,51.64,-51.64,308.640418499989,292.8928202757485,321.9514365345651,336.4693743586336,357.2860154103211,191.75556332651,304.150924278012,668.3421988348036,2.0,0.6931471805599453,0.9,12.29,13.86,10.26,2.05,22.58,133.85,45,截至报告期末，根据监管口径计算的集团口径流动性比例 51.64%，公司口径流动性比例 51.61%，较上年末下降,02_数据集/上市银行年报PDF/600000_浦发银行_2019_年度报告.pdf
600000,浦发银行,2020,上海市,上海市,股份制商业银行,0,46.03,-46.03,320.787941618554,306.7837276506881,339.01681998947,333.9244858456323,357.7167598950395,196.8292710867045,373.3695318748009,685.8342106586284,2.0,0.6931471805599453,0.79,10.81,14.64,9.51,1.73,23.78,150.74,50,截至报告期末，根据监管口径计算的集团口径流动性比例 46.03%，公司口径流动性比例 45.95%；人民币超额备付率,02_数据集/上市银行年报PDF/600000_浦发银行_2020_年度报告.pdf
600000,浦发银行,2021,上海市,上海市,股份制商业银行,0,49.63,-49.63,351.5322195750151,357.5294991664313,350.0189288008364,334.5007063585898,355.4907284582474,211.0288164090047,425.0552384027931,666.2857740641266,2.0,0.6931471805599453,0.67,8.75,14.01,9.4,1.61,26.17,140.66,53,截至报告期末， 根据监管口径计算的集团口径流动性比例49.63%， 公司口径流动性比例49.45%， 较上年末,02_数据集/上市银行年报PDF/600000_浦发银行_2021_年度报告.pdf
600000,浦发银行,2022,上海市,上海市,股份制商业银行,0,,,350.4318090207926,375.8475662547687,315.1412867469362,330.659327387631,323.3801479123629,203.6187669870663,383.7575003003765,560.349545599981,2.0,0.6931471805599453,0.62,7.98,13.65,9.19,1.52,27.89,155.28,,,02_数据集/上市银行年报PDF/600000_浦发银行_2022_年度报告.pdf
600000,浦发银行,2023,上海市,上海市,股份制商业银行,0,,,363.216925193752,389.37856769272,330.804540262312,335.752294730063,330.699250238408,211.79512588752,385.792571936424,615.932362035624,2.0,0.6931471805599453,0.42,5.21,12.67,8.97,1.48,29.65,170.19,,,02_数据集/上市银行年报PDF/600000_浦发银行_2023_年度报告.pdf
600016,民生银行,2014,北京市,北京市,股份制商业银行,0,36.0,-36.0,190.68,214.08,172.16,147.06,199.74,103.9,88,436.54,4015136.0,15.205581777765662,1.26,20.41,10.69,8.58,0.38,33.27,182.2,18,流动性比例 汇总人民币 ≥25 36.00 29.31 36.01,02_数据集/上市银行年报PDF/600016_民生银行_2014_年度报告.pdf
600016,民生银行,2015,北京市,北京市,股份制商业银行,0,44.72,-44.72,222.21,235.6,193.18,230.75,243.45,145.88,189.25,332.25,4520688.0,15.324174752614663,1.1,16.98,11.49,9.17,1.6,31.22,153.63,15,流动性比例 汇总人民币 ≥25 44.72 36.00 29.31,02_数据集/上市银行年报PDF/600016_民生银行_2015_年度报告.pdf
600016,民生银行,2016,北京市,北京市,股份制商业银行,0,39.64,-39.64,243.1434581833504,246.724175285203,234.0144190799972,247.9237796334967,285.5997889546808,175.5980177683442,184.0658856445235,401.7541029064299,58958.77,10.984593665044526,0.94,15.13,11.73,8.95,1.68,30.98,155.41,15,流动性比例 汇总人民币 ≥25 39.64 44.72 36.00,02_数据集/上市银行年报PDF/600016_民生银行_2016_年度报告.pdf
600016,民生银行,2017,北京市,北京市,股份制商业银行,0,39.8,-39.8,269.903254191677,260.8389528337372,290.4068170389688,262.5917174468971,301.7672110563765,180.3401291244055,281.1439029498476,509.3799709849014,5902086.0,15.590816405710614,0.86,14.03,11.85,8.63,1.71,31.72,155.61,19,流动性比例 汇总人民币 ≥25 39.80 39.64 44.72,02_数据集/上市银行年报PDF/600016_民生银行_2017_年度报告.pdf
600016,民生银行,2018,北京市,北京市,股份制商业银行,0,51.64,-51.64,285.4139923994753,277.896410070827,286.1585869419908,308.901337552703,315.2052706251287,167.7830617026999,271.2582783540034,551.1107482136872,5994822.0,15.606406654593446,0.85,12.94,11.75,8.93,1.76,30.07,134.05,21,流动性比例 汇总人民币 ≥25 51.64 39.80 39.64,02_数据集/上市银行年报PDF/600016_民生银行_2018_年度报告.pdf
600016,民生银行,2019,北京市,北京市,股份制商业银行,0,54.06,-54.06,301.3271136791274,297.4600618596214,297.6806800669032,320.7406372928007,325.3724893848024,179.8950824531378,296.7448838860916,577.8625555644161,6681841.0,15.71490410634485,0.87,12.4,13.17,8.89,1.56,26.74,155.5,22,流动性比例 汇总人民币 ≥25 54.06 51.64 39.80,02_数据集/上市银行年报PDF/600016_民生银行_2019_年度报告.pdf
600016,民生银行,2020,北京市,北京市,股份制商业银行,0,49.72,-49.72,311.9575048277796,308.1266299978814,312.7710775340186,323.1476859020968,333.7617114162279,184.6311492812645,366.6111188794026,579.6133889843888,6950233.0,15.754285742158874,0.51,6.81,13.04,8.51,1.82,26.19,139.38,22,流动性比例（汇总人民币） ≥25 49.72 54.06 51.64,02_数据集/上市银行年报PDF/600016_民生银行_2020_年度报告.pdf
600016,民生银行,2021,北京市,北京市,股份制商业银行,0,,,342.0273626331411,357.2419939043301,325.3103667994853,322.1872706991211,339.1555891677793,201.2868107316135,424.4781535973305,566.2814614046189,,,,,,,,,,,,02_数据集/上市银行年报PDF/600016_民生银行_2021_年度报告.pdf
600016,民生银行,2022,北京市,北京市,股份制商业银行,0,,,344.8106409681718,375.8730663187378,300.9620061769737,321.9440600759,295.4035270730652,196.8152642896021,383.1479236768969,510.382928851363,,,,,,,,,,,,02_数据集/上市银行年报PDF/600016_民生银行_2022_年度报告.pdf
600016,民生银行,2023,北京市,北京市,股份制商业银行,0,66.63,-66.63,355.962901702281,389.22284468515,312.296766892202,325.509206862191,297.484962186828,204.062072473418,379.178040502818,558.010512983363,7674965.0,15.85347429116655,0.48,6.1,13.14,9.28,1.48,36.1,149.69,22,流动性比例 （本外币） ≥25 66.63 51.30 47.06,02_数据集/上市银行年报PDF/600016_民生银行_2023_年度报告.pdf
600036,招商银行,2014,深圳市,广东省,股份制商业银行,0,59.38,-59.38,189.26,219.98,153.79,152.26,173.08,114.25,77.71,343.54,4731829.0,15.369822366487476,19.28,19.28,11.74,10.44,1.11,30.54,233.42,12,流动性比例 人民币 ≥25 59.38 59.64 52.29,02_数据集/上市银行年报PDF/600036_招商银行_2014_年度报告.pdf
600036,招商银行,2015,深圳市,广东省,股份制商业银行,0,65.67,-65.67,219.99,242.89,176.22,223.94,214.97,158.69,156.63,272.42,5474978.0,15.515698815393925,17.09,17.09,11.91,10.83,1.68,27.67,178.95,13,流动性比例 人民币 ≥25 65.67 59.38 59.64,02_数据集/上市银行年报PDF/600036_招商银行_2015_年度报告.pdf
600036,招商银行,2016,深圳市,广东省,股份制商业银行,0,59.42,-59.42,238.0464767094582,254.1257021851828,221.0013059103179,215.9414927804658,276.4756760211951,182.9497211659928,156.1583770229246,366.4171814663653,5942311.0,15.597608672914742,1.09,1.09,12.0,11.54,1.87,28.01,179.03,13,流动性比例 人民币 ≥25 59.42 65.67 59.38,02_数据集/上市银行年报PDF/600036_招商银行_2016_年度报告.pdf
600036,招商银行,2017,深圳市,广东省,股份制商业银行,0,40.68,-40.68,272.718480490499,273.0164780110371,286.4377444833794,246.8211124047175,306.2629129032229,187.4585102910949,246.0463990827147,481.1551732231515,6297638.0,15.655685200426527,16.54,16.54,15.48,12.06,1.61,6.0,262.11,18,流动性比例 人民币 ≥25 40.68 59.42 65.67,02_数据集/上市银行年报PDF/600036_招商银行_2017_年度报告.pdf
600036,招商银行,2018,深圳市,广东省,股份制商业银行,0,44.94,-44.94,289.2218970329613,290.3174761782469,276.7694907277508,308.2500045643406,323.5051004729244,176.7616908333092,228.5089581933674,534.107123866978,6745729.0,15.724420121843067,1.24,16.57,15.68,11.78,1.36,31.02,358.18,18,流动性比例 人民币 ≥25 44.94 40.68 59.42,02_数据集/上市银行年报PDF/600036_招商银行_2018_年度报告.pdf
600036,招商银行,2019,深圳市,广东省,股份制商业银行,0,51.18,-51.18,306.6731788252541,310.9118426569078,289.6918471892091,323.5537172185323,336.372445634983,190.0576897364653,257.4417409581031,561.0368266670072,7417240.0,15.819317578291448,1.31,16.71,15.54,11.95,1.16,32.09,426.78,18,流动性比例 人民币 ≥25 51.18 44.94 40.68,02_数据集/上市银行年报PDF/600036_招商银行_2019_年度报告.pdf
600036,招商银行,2020,深圳市,广东省,股份制商业银行,0,,,319.2411971591939,324.6704610098456,308.1600616722525,321.469573977965,341.7102932355901,196.0719443741431,331.8118141924344,567.3167399064348,,,1.07,,,,,,,,,02_数据集/上市银行年报PDF/600036_招商银行_2020_年度报告.pdf
600036,招商银行,2021,深圳市,广东省,股份制商业银行,0,,,345.3275668363117,361.6513907430255,327.1055027406079,324.5600892400979,339.0936741498352,210.5881074860299,395.8629381151222,551.5959393471101,,,1.36,,,,,,,,,02_数据集/上市银行年报PDF/600036_招商银行_2021_年度报告.pdf
600036,招商银行,2022,深圳市,广东省,股份制商业银行,0,,,348.4653594833445,382.5049962952052,298.8639841128037,326.2219416861502,314.7504871931519,204.7005040349406,342.8341832293733,498.7565289595871,,,17.06,,,,,,,,,02_数据集/上市银行年报PDF/600036_招商银行_2022_年度报告.pdf
600036,招商银行,2023,深圳市,广东省,股份制商业银行,0,,,359.018699074235,395.205572191311,310.048071867709,328.539620867991,314.699580125561,210.940221445104,346.566174857403,539.784111756452,,,16.0,,,,,,,,,02_数据集/上市银行年报PDF/600036_招商银行_2023_年度报告.pdf
601166,兴业银行,2014,福州市,福建省,股份制商业银行,0,41.59,-41.59,179.35,198.11,150.79,169.34,193.85,105.94,67.18,358.87,1.18,0.16551443847757333,1.18,21.21,11.29,8.05,1.1,23.78,250.21,14,流动性比例（折人民币） ≥25 41.59 35.79 29.47,02_数据集/上市银行年报PDF/601166_兴业银行_2014_年度报告.pdf
601166,兴业银行,2015,福州市,福建省,股份制商业银行,0,56.8,-56.8,209.4,217.15,179.81,237.58,241.63,150.64,150.33,316.12,1.04,0.03922071315328133,1.04,18.89,11.19,8.43,1.46,21.59,210.08,14,流动性比例（折人民币） ≥25 56.80 41.59 35.79,02_数据集/上市银行年报PDF/601166_兴业银行_2015_年度报告.pdf
601166,兴业银行,2016,福州市,福建省,股份制商业银行,0,59.35,-59.35,226.2930091093533,225.374522905618,227.8203603964608,226.5642429379498,291.5236766379325,180.6164123473602,153.9155209705827,415.81685790029,0.95,-0.05129329438755058,0.95,32.75,12.02,8.55,1.65,23.39,210.51,14,流动性比例（折人民币） ≥25 59.35 56.80 41.59,02_数据集/上市银行年报PDF/601166_兴业银行_2016_年度报告.pdf
601166,兴业银行,2017,福州市,福建省,股份制商业银行,0,60.83,-60.83,257.8534854832968,241.0877768011103,287.0719451780711,260.1347778948084,309.5282637404,184.96909692167,248.1917800678875,511.5757186947862,0.92,-0.08338160893905101,0.92,15.35,12.19,9.07,1.59,27.63,211.78,14,流动性比例（折人民币） ≥25 60.83 59.35 56.80,02_数据集/上市银行年报PDF/601166_兴业银行_2017_年度报告.pdf
601166,兴业银行,2018,福州市,福建省,股份制商业银行,0,66.52,-66.52,272.6733636506016,258.6374152438095,279.2158308327461,307.1478086329532,321.1567130381944,172.9481934621002,228.0622027130294,564.9344868116887,0.93,-0.07257069283483537,0.93,,12.2,9.3,1.57,26.89,207.28,14,流动性比例（折人民币） ≥25 66.52 60.83 59.35,02_数据集/上市银行年报PDF/601166_兴业银行_2018_年度报告.pdf
601166,兴业银行,2019,福州市,福建省,股份制商业银行,0,75.07,-75.07,285.115325591576,276.6405262237913,286.5389901146914,310.5293888844523,326.2704133262644,182.4703737106063,251.0485614951683,575.5242829131458,0.96,-0.040821994520255166,0.96,14.02,13.36,9.47,1.54,26.03,199.13,12,流动性比例（折人民币） ≥25 75.07 66.52 60.83,02_数据集/上市银行年报PDF/601166_兴业银行_2019_年度报告.pdf
601166,兴业银行,2020,福州市,福建省,股份制商业银行,0,67.39,-67.39,296.08651244566,290.2769559720525,298.5448038284686,310.820580642998,321.5128807660735,187.5534933829271,319.7968446928033,565.7301340823499,0.9,-0.10536051565782628,0.9,,13.47,9.33,1.25,24.16,218.83,11,流动性比例（折人民币） ≥25 67.39 75.07 66.52,02_数据集/上市银行年报PDF/601166_兴业银行_2020_年度报告.pdf
601166,兴业银行,2021,福州市,福建省,股份制商业银行,0,56.26,-56.26,326.0055816075165,335.4094062712434,314.7136365222191,315.4935160191698,313.8263847808975,206.0646959753963,382.1640509103709,539.3078975493069,1.02,0.01980262729617973,1.02,13.94,14.39,9.81,1.1,25.68,268.73,16,流动性比例 (折人民币 ) ≥25 56.26 67.39 75.07,02_数据集/上市银行年报PDF/601166_兴业银行_2021_年度报告.pdf
601166,兴业银行,2022,福州市,福建省,股份制商业银行,0,64.45,-64.45,331.5713575478521,356.6090857720106,294.5099925878143,316.2638684098649,298.232649254022,201.977451703091,329.6095796863173,518.2874609870644,2198.42,7.695494199512121,1.03,13.85,14.44,9.81,1.09,29.37,236.44,16,流动性比例（折人民币） ≥25 64.45 56.26 67.39,02_数据集/上市银行年报PDF/601166_兴业银行_2022_年度报告.pdf
601166,兴业银行,2023,福州市,福建省,股份制商业银行,0,54.82,-54.82,341.793915715107,370.611535717171,304.238217916252,314.904196147066,296.442594168746,207.56399776258,341.458707016086,543.289108477927,2142.41,7.66968664258845,0.8,10.64,14.13,14.13,1.07,29.97,245.21,16,流动性比例（本外币合计） ≥25 54.82 64.45 56.26,02_数据集/上市银行年报PDF/601166_兴业银行_2023_年度报告.pdf
601288,农业银行,2014,北京市,北京市,国有大型商业银行,1,,,190.68,214.08,172.16,147.06,199.74,103.9,88,436.54,15974152.0,16.586482473876828,,19.57,12.82,9.09,1.54,34.56,286.53,,,02_数据集/上市银行年报PDF/601288_农业银行_2014_年度报告.pdf
601288,农业银行,2015,北京市,北京市,国有大型商业银行,1,,,222.21,235.6,193.18,230.75,243.45,145.88,189.25,332.25,17791393.0,16.69422535899363,,16.79,13.4,10.24,2.39,33.28,189.43,,,02_数据集/上市银行年报PDF/601288_农业银行_2015_年度报告.pdf
601288,农业银行,2016,北京市,北京市,国有大型商业银行,1,,,243.1434581833504,246.724175285203,234.0144190799972,247.9237796334967,285.5997889546808,175.5980177683442,184.0658856445235,401.7541029064299,19570061.0,16.78951145638324,15.14,15.14,13.04,10.38,2.37,34.59,173.4,,,02_数据集/上市银行年报PDF/601288_农业银行_2016_年度报告.pdf
601288,农业银行,2017,北京市,北京市,国有大型商业银行,1,,,269.903254191677,260.8389528337372,290.4068170389688,262.5917174468971,301.7672110563765,180.3401291244055,281.1439029498476,509.3799709849014,21053382.0,16.86257177027055,0.95,14.57,13.74,10.63,1.81,32.96,208.37,,,02_数据集/上市银行年报PDF/601288_农业银行_2017_年度报告.pdf
601288,农业银行,2018,北京市,北京市,国有大型商业银行,1,,,285.4139923994753,277.896410070827,286.1585869419908,308.901337552703,315.2052706251287,167.7830617026999,271.2582783540034,551.1107482136872,22609471.0,16.933879447253332,,13.66,15.12,11.55,1.59,31.27,252.18,,,02_数据集/上市银行年报PDF/601288_农业银行_2018_年度报告.pdf
601288,农业银行,2019,北京市,北京市,国有大型商业银行,1,,,301.3271136791274,297.4600618596214,297.6806800669032,320.7406372928007,325.3724893848024,179.8950824531378,296.7448838860916,577.8625555644161,24878288.0,17.029506013178327,,12.43,16.13,11.24,1.4,30.49,288.75,,,02_数据集/上市银行年报PDF/601288_农业银行_2019_年度报告.pdf
601288,农业银行,2020,北京市,北京市,国有大型商业银行,1,,,311.9575048277796,308.1266299978814,312.7710775340186,323.1476859020968,333.7617114162279,184.6311492812645,366.6111188794026,579.6133889843888,27205047.0,17.118913065524268,,11.35,16.59,11.04,1.57,29.23,260.64,,,02_数据集/上市银行年报PDF/601288_农业银行_2020_年度报告.pdf
601288,农业银行,2021,北京市,北京市,国有大型商业银行,1,,,342.0273626331411,357.2419939043301,325.3103667994853,322.1872706991211,339.1555891677793,201.2868107316135,424.4781535973305,566.2814614046189,29069155.0,17.185188204345124,,11.57,17.13,11.44,1.43,30.46,299.73,,,02_数据集/上市银行年报PDF/601288_农业银行_2021_年度报告.pdf
601288,农业银行,2022,北京市,北京市,国有大型商业银行,1,,,344.8106409681718,375.8730663187378,300.9620061769737,321.9440600759,295.4035270730652,196.8152642896021,383.1479236768969,510.382928851363,33927533.0,17.339737425599484,,11.28,17.2,11.15,1.37,31.63,302.6,,,02_数据集/上市银行年报PDF/601288_农业银行_2022_年度报告.pdf
601288,农业银行,2023,北京市,北京市,国有大型商业银行,1,,,355.962901702281,389.22284468515,312.296766892202,325.509206862191,297.484962186828,204.062072473418,379.178040502818,558.010512983363,39872989.0,17.501209685195636,,10.91,17.14,10.72,1.33,33.86,303.87,,,02_数据集/上市银行年报PDF/601288_农业银行_2023_年度报告.pdf
601328,交通银行,2014,上海市,上海市,国有大型商业银行,1,,,192.59,208.34,186.97,150.77,226.74,115.67,89.87,477.29,,,1.08,,,,,,,,,02_数据集/上市银行年报PDF/601328_交通银行_2014_年度报告.pdf
601328,交通银行,2015,上海市,上海市,国有大型商业银行,1,,,222.45,228.17,209.32,227.4,266.98,161.36,199.2,367.15,,,,,,,,,,,,02_数据集/上市银行年报PDF/601328_交通银行_2015_年度报告.pdf
601328,交通银行,2016,上海市,上海市,国有大型商业银行,1,,,238.9574045141271,238.0113742790338,244.5500820572674,231.9330221006705,306.4841753074112,184.4975203606995,191.8980558760722,434.6384817621619,,,,,,,,,,,,02_数据集/上市银行年报PDF/601328_交通银行_2016_年度报告.pdf
601328,交通银行,2017,上海市,上海市,国有大型商业银行,1,,,275.5547714144731,253.361588845234,320.5023022632722,267.1763601615168,330.0712217968439,189.8444968690627,288.7755827854648,555.3006227909619,,,,,,,,,,,,02_数据集/上市银行年报PDF/601328_交通银行_2017_年度报告.pdf
601328,交通银行,2018,上海市,上海市,国有大型商业银行,1,,,291.4432334937413,272.4199714695492,307.7186201992996,324.7005949986161,351.4691567829301,179.1640680739822,281.2136802651221,622.5968975015479,9355147.0,16.05143723108905,,,,,1.78,,,,,02_数据集/上市银行年报PDF/601328_交通银行_2018_年度报告.pdf
601328,交通银行,2019,上海市,上海市,国有大型商业银行,1,,,308.640418499989,292.8928202757485,321.9514365345651,336.4693743586336,357.2860154103211,191.75556332651,304.150924278012,668.3421988348036,,,,,,,,,,,,02_数据集/上市银行年报PDF/601328_交通银行_2019_年度报告.pdf
601328,交通银行,2020,上海市,上海市,国有大型商业银行,1,,,320.787941618554,306.7837276506881,339.01681998947,333.9244858456323,357.7167598950395,196.8292710867045,373.3695318748009,685.8342106586284,,,,,,,,,,,,02_数据集/上市银行年报PDF/601328_交通银行_2020_年度报告.pdf
601328,交通银行,2021,上海市,上海市,国有大型商业银行,1,,,351.5322195750151,357.5294991664313,350.0189288008364,334.5007063585898,355.4907284582474,211.0288164090047,425.0552384027931,666.2857740641266,,,0.03,,,,,,,,,02_数据集/上市银行年报PDF/601328_交通银行_2021_年度报告.pdf
601328,交通银行,2022,上海市,上海市,国有大型商业银行,1,,,350.4318090207926,375.8475662547687,315.1412867469362,330.659327387631,323.3801479123629,203.6187669870663,383.7575003003765,560.349545599981,,,,,,,,28.14,,,,02_数据集/上市银行年报PDF/601328_交通银行_2022_年度报告.pdf
601328,交通银行,2023,上海市,上海市,国有大型商业银行,1,64.92,-64.92,363.216925193752,389.37856769272,330.804540262312,335.752294730063,330.699250238408,211.79512588752,385.792571936424,615.932362035624,14060472.0,16.458878014195836,,,15.27,10.23,1.33,27.0,195.21,50,流动性比例(%) ≥25 64.92 69.76 67.11,02_数据集/上市银行年报PDF/601328_交通银行_2023_年度报告.pdf
601398,工商银行,2014,北京市,北京市,国有大型商业银行,1,,,190.68,214.08,172.16,147.06,199.74,103.9,88,436.54,20609953.0,16.841284672417657,,19.96,14.53,10.56,1.25,1.28,232.06,,,02_数据集/上市银行年报PDF/601398_工商银行_2014_年度报告.pdf
601398,工商银行,2015,北京市,北京市,国有大型商业银行,1,,,222.21,235.6,193.18,230.75,243.45,145.88,189.25,332.25,,,,,,,,,,,,02_数据集/上市银行年报PDF/601398_工商银行_2015_年度报告.pdf
601398,工商银行,2016,北京市,北京市,国有大型商业银行,1,,,243.1434581833504,246.724175285203,234.0144190799972,247.9237796334967,285.5997889546808,175.5980177683442,184.0658856445235,401.7541029064299,24137265.0,16.999267469783373,,15.24,,,1.74,25.91,176.4,,,02_数据集/上市银行年报PDF/601398_工商银行_2016_年度报告.pdf
601398,工商银行,2017,北京市,北京市,国有大型商业银行,1,,,269.903254191677,260.8389528337372,290.4068170389688,262.5917174468971,301.7672110563765,180.3401291244055,281.1439029498476,509.3799709849014,26087043.0,17.076949312245777,,14.35,,,1.74,24.46,154.07,,,02_数据集/上市银行年报PDF/601398_工商银行_2017_年度报告.pdf
601398,工商银行,2018,北京市,北京市,国有大型商业银行,1,43.8,-43.8,285.4139923994753,277.896410070827,286.1585869419908,308.901337552703,315.2052706251287,167.7830617026999,271.2582783540034,551.1107482136872,27699540.0,17.136926364521482,,,,,1.83,23.91,175.0,78,2018 年末， 人民币流动性比例43.8%， 外币流动性比例83.0%， 均满足监管,02_数据集/上市银行年报PDF/601398_工商银行_2018_年度报告.pdf
601398,工商银行,2019,北京市,北京市,国有大型商业银行,1,,,301.3271136791274,297.4600618596214,297.6806800669032,320.7406372928007,325.3724893848024,179.8950824531378,296.7448838860916,577.8625555644161,,,,,,,,,,,,02_数据集/上市银行年报PDF/601398_工商银行_2019_年度报告.pdf
601398,工商银行,2020,北京市,北京市,国有大型商业银行,1,43.2,-43.2,311.9575048277796,308.1266299978814,312.7710775340186,323.1476859020968,333.7617114162279,184.6311492812645,366.6111188794026,579.6133889843888,33345058.0,17.322420133438243,,11.95,16.88,,1.58,22.3,180.68,91,2020 年，人民币流动性比例 43.2%， 外币流动性比例91.4%， 均满足监管要,02_数据集/上市银行年报PDF/601398_工商银行_2020_年度报告.pdf
601398,工商银行,2021,北京市,北京市,国有大型商业银行,1,,,342.0273626331411,357.2419939043301,325.3103667994853,322.1872706991211,339.1555891677793,201.2868107316135,424.4781535973305,566.2814614046189,,,,,,,,26.36,,,,02_数据集/上市银行年报PDF/601398_工商银行_2021_年度报告.pdf
601398,工商银行,2022,北京市,北京市,国有大型商业银行,1,,,344.8106409681718,375.8730663187378,300.9620061769737,321.9440600759,295.4035270730652,196.8152642896021,383.1479236768969,510.382928851363,,,0.97,11.43,,,,,,,,02_数据集/上市银行年报PDF/601398_工商银行_2022_年度报告.pdf
601398,工商银行,2023,北京市,北京市,国有大型商业银行,1,54.5,-54.5,355.962901702281,389.22284468515,312.296766892202,325.509206862191,297.484962186828,204.062072473418,379.178040502818,558.010512983363,44697079.0,17.615418710692452,0.87,10.66,15.06,,1.59,26.96,205.14,90,2023 年末， 人民币流动性比例54.5%， 外币流动性比例88.8%， 均满足监管,02_数据集/上市银行年报PDF/601398_工商银行_2023_年度报告.pdf
601939,建设银行,2014,北京市,北京市,国有大型商业银行,1,,,190.68,214.08,172.16,147.06,199.74,103.9,88,436.54,16744130.0,16.63355830705299,,1.42,14.87,12.12,1.19,28.85,222.33,,,02_数据集/上市银行年报PDF/601939_建设银行_2014_年度报告.pdf
601939,建设银行,2015,北京市,北京市,国有大型商业银行,1,,,222.21,235.6,193.18,230.75,243.45,145.88,189.25,332.25,18349489.0,16.725112284665663,,1.3,15.39,13.13,1.58,26.98,150.99,,,02_数据集/上市银行年报PDF/601939_建设银行_2015_年度报告.pdf
601939,建设银行,2016,北京市,北京市,国有大型商业银行,1,,,243.1434581833504,246.724175285203,234.0144190799972,247.9237796334967,285.5997889546808,175.5980177683442,184.0658856445235,401.7541029064299,,,,,,,,,,,,02_数据集/上市银行年报PDF/601939_建设银行_2016_年度报告.pdf
601939,建设银行,2017,北京市,北京市,国有大型商业银行,1,,,269.903254191677,260.8389528337372,290.4068170389688,262.5917174468971,301.7672110563765,180.3401291244055,281.1439029498476,509.3799709849014,22124383.0,16.912190861463767,,14.8,15.5,13.09,1.49,26.95,171.08,,,02_数据集/上市银行年报PDF/601939_建设银行_2017_年度报告.pdf
601939,建设银行,2018,北京市,北京市,国有大型商业银行,1,,,285.4139923994753,277.896410070827,286.1585869419908,308.901337552703,315.2052706251287,167.7830617026999,271.2582783540034,551.1107482136872,23222693.0,16.96064050511465,,14.04,17.19,13.83,1.46,26.42,208.37,,,02_数据集/上市银行年报PDF/601939_建设银行_2018_年度报告.pdf
601939,建设银行,2019,北京市,北京市,国有大型商业银行,1,,,301.3271136791274,297.4600618596214,297.6806800669032,320.7406372928007,325.3724893848024,179.8950824531378,296.7448838860916,577.8625555644161,25436261.0,17.051686312364126,,13.18,17.52,13.88,1.42,26.53,227.69,,,02_数据集/上市银行年报PDF/601939_建设银行_2019_年度报告.pdf
601939,建设银行,2020,北京市,北京市,国有大型商业银行,1,,,311.9575048277796,308.1266299978814,312.7710775340186,323.1476859020968,333.7617114162279,184.6311492812645,366.6111188794026,579.6133889843888,28132254.0,17.152427305233214,1.02,12.12,13.62,13.62,1.56,25.12,213.59,,,02_数据集/上市银行年报PDF/601939_建设银行_2020_年度报告.pdf
601939,建设银行,2021,北京市,北京市,国有大型商业银行,1,,,342.0273626331411,357.2419939043301,325.3103667994853,322.1872706991211,339.1555891677793,201.2868107316135,424.4781535973305,566.2814614046189,30253979.0,17.22513827098095,1.04,12.55,17.85,13.59,1.42,27.43,239.96,,,02_数据集/上市银行年报PDF/601939_建设银行_2021_年度报告.pdf
601939,建设银行,2023,北京市,北京市,国有大型商业银行,1,,,355.962901702281,389.22284468515,312.296766892202,325.509206862191,297.484962186828,204.062072473418,379.178040502818,558.010512983363,,,11.56,,,,,,,,,02_数据集/上市银行年报PDF/601939_建设银行_2023_年度报告.pdf
601988,中国银行,2014,北京市,北京市,国有大型商业银行,1,,,190.68,214.08,172.16,147.06,199.74,103.9,88,436.54,,,1.22,17.28,,,,,,,,02_数据集/上市银行年报PDF/601988_中国银行_2014_年度报告.pdf
601988,中国银行,2015,北京市,北京市,国有大型商业银行,1,,,222.21,235.6,193.18,230.75,243.45,145.88,189.25,332.25,2.0,0.6931471805599453,1.12,14.53,14.06,11.1,1.43,28.3,153.3,,,02_数据集/上市银行年报PDF/601988_中国银行_2015_年度报告.pdf
601988,中国银行,2016,北京市,北京市,国有大型商业银行,1,45.6,-45.6,243.1434581833504,246.724175285203,234.0144190799972,247.9237796334967,285.5997889546808,175.5980177683442,184.0658856445235,401.7541029064299,100.0,4.605170185988092,1.05,12.58,14.28,11.37,1.46,28.08,162.82,56,流动性比例  人民币 ≥25 45.6 48.6 49.9  外币 ≥25 52.7 62.0 59.9 ,02_数据集/上市银行年报PDF/601988_中国银行_2016_年度报告.pdf
601988,中国银行,2017,北京市,北京市,国有大型商业银行,1,,,269.903254191677,260.8389528337372,290.4068170389688,262.5917174468971,301.7672110563765,180.3401291244055,281.1439029498476,509.3799709849014,,,0.98,12.24,,,,28.34,,,,02_数据集/上市银行年报PDF/601988_中国银行_2017_年度报告.pdf
601988,中国银行,2018,北京市,北京市,国有大型商业银行,1,58.7,-58.7,285.4139923994753,277.896410070827,286.1585869419908,308.901337552703,315.2052706251287,167.7830617026999,271.2582783540034,551.1107482136872,100.0,4.605170185988092,0.94,12.06,14.97,11.41,1.42,28.09,181.97,60,12 月 31 日  流动性比例  人民币 ≥25 58.7 47.1 45.6 ,02_数据集/上市银行年报PDF/601988_中国银行_2018_年度报告.pdf
601988,中国银行,2019,北京市,北京市,国有大型商业银行,1,,,301.3271136791274,297.4600618596214,297.6806800669032,320.7406372928007,325.3724893848024,179.8950824531378,296.7448838860916,577.8625555644161,100.0,4.605170185988092,0.92,11.45,15.59,11.3,1.37,28.0,182.86,,,02_数据集/上市银行年报PDF/601988_中国银行_2019_年度报告.pdf
601988,中国银行,2020,北京市,北京市,国有大型商业银行,1,,,311.9575048277796,308.1266299978814,312.7710775340186,323.1476859020968,333.7617114162279,184.6311492812645,366.6111188794026,579.6133889843888,100.0,4.605170185988092,0.87,10.61,16.22,11.28,1.46,26.73,177.84,,,02_数据集/上市银行年报PDF/601988_中国银行_2020_年度报告.pdf
601988,中国银行,2021,北京市,北京市,国有大型商业银行,1,,,342.0273626331411,357.2419939043301,325.3103667994853,322.1872706991211,339.1555891677793,201.2868107316135,424.4781535973305,566.2814614046189,100.0,4.605170185988092,0.89,11.28,16.53,11.3,1.33,28.17,187.05,,,02_数据集/上市银行年报PDF/601988_中国银行_2021_年度报告.pdf
601988,中国银行,2022,北京市,北京市,国有大型商业银行,1,,,344.8106409681718,375.8730663187378,300.9620061769737,321.9440600759,295.4035270730652,196.8152642896021,383.1479236768969,510.382928851363,,,0.85,10.81,,,,,,,,02_数据集/上市银行年报PDF/601988_中国银行_2022_年度报告.pdf
601988,中国银行,2023,北京市,北京市,国有大型商业银行,1,55.0,-55.0,355.962901702281,389.22284468515,312.296766892202,325.509206862191,297.484962186828,204.062072473418,379.178040502818,558.010512983363,100.0,4.605170185988092,0.8,10.12,17.74,11.63,1.27,28.5,191.66,60,流动性比例 人民币 ≥25 55.0 49.0 49.6,02_数据集/上市银行年报PDF/601988_中国银行_2023_年度报告.pdf
