code,bank_name,year,hq_city,hq_province,bank_type,is_state_owned_large,liquidity_ratio,liquidity_risk,dfi_index,dfi_breadth,dfi_depth,dfi_digitization,dfi_payment,dfi_credit,dfi_investment,dfi_insurance,total_assets,ln_total_assets,roa,roe,capital_adequacy_ratio,core_tier1_capital_ratio,npl_ratio,cost_income_ratio,provision_coverage,liquidity_ratio_page,liquidity_ratio_evidence,pdf_file,data_quality_note
000001,平安银行,2014,深圳市,广东省,股份制商业银行,0,52.51,-52.51,189.26,219.98,153.79,152.26,173.08,114.25,77.71,343.54,2186459.0,14.597794,0.97,16.35,10.86,8.64,1.02,36.33,200.9,11,年末 月均 年末 月均 年末 月均  流动性比例  人民币 ≥25 52.51 57.24 50.00 49.72 51.31 58.17 ,02_数据集/上市银行年报PDF/000001_平安银行_2014_年度报告.pdf,
000001,平安银行,2015,深圳市,广东省,股份制商业银行,0,52.14,-52.14,219.99,242.89,176.22,223.94,214.97,158.69,156.63,272.42,2507149.0,14.734657,0.93,14.94,10.94,9.03,1.45,31.31,165.86,10,年末 月均 年末 月均 年末 月均  流动性比例  人民币 ≥25 52.14 53.37 52.51 57.24 50.00 49.72 ,02_数据集/上市银行年报PDF/000001_平安银行_2015_年度报告.pdf,
000001,平安银行,2016,深圳市,广东省,股份制商业银行,0,47.62,-47.62,238.046477,254.125702,221.001306,215.941493,276.475676,182.949721,156.158377,366.417181,2953434.0,14.898479,0.83,13.18,11.53,8.36,1.74,25.97,155.37,9,项 目 标准值 2016年12月31日 2015 年12月31日 2014 年12月31日  流动性比例  人民币 ≥25 47.62 52.14 52.51,02_数据集/上市银行年报PDF/000001_平安银行_2016_年度报告.pdf,
000001,平安银行,2017,深圳市,广东省,股份制商业银行,0,52.23,-52.23,272.71848,273.016478,286.437744,246.821112,306.262913,187.45851,246.046399,481.155173,3248474.0,14.993696,0.75,11.62,11.2,8.28,1.7,29.89,151.08,10,流动性比例（本外币） ≥25 52.23 49.48 54.29,02_数据集/上市银行年报PDF/000001_平安银行_2017_年度报告.pdf,
000001,平安银行,2018,深圳市,广东省,股份制商业银行,0,60.86,-60.86,289.221897,290.317476,276.769491,308.250005,323.5051,176.761691,228.508958,534.107124,3418592.0,15.044739,0.74,11.49,11.5,8.54,1.75,30.32,155.24,13,流动性比例（本外币） ≥25 60.86 52.23 49.48,02_数据集/上市银行年报PDF/000001_平安银行_2018_年度报告.pdf,
000001,平安银行,2019,深圳市,广东省,股份制商业银行,0,62.54,-62.54,306.673179,310.911843,289.691847,323.553717,336.372446,190.05769,257.441741,561.036827,3939070.0,15.186455,0.77,11.3,13.22,9.11,1.65,29.61,183.12,22,流动性比例（本外币） ≥25 62.54 60.86 52.23,02_数据集/上市银行年报PDF/000001_平安银行_2019_年度报告.pdf,
000001,平安银行,2020,深圳市,广东省,股份制商业银行,0,62.05,-62.05,319.241197,324.670461,308.160062,321.469574,341.710293,196.071944,331.811814,567.31674,4468514.0,15.312566,0.69,9.58,13.29,8.69,1.18,29.11,201.4,23,流动性比例（本外币） ≥25 62.05 62.54 60.86,02_数据集/上市银行年报PDF/000001_平安银行_2020_年度报告.pdf,
000001,平安银行,2021,深圳市,广东省,股份制商业银行,0,55.57,-55.57,345.327567,361.651391,327.105503,324.560089,339.093674,210.588107,395.862938,551.595939,4921380.0,15.4091,0.77,10.85,13.34,8.6,1.02,28.3,288.42,21,流动性比例（本外币） ≥25 55.57 62.05 62.54,02_数据集/上市银行年报PDF/000001_平安银行_2021_年度报告.pdf,
000001,平安银行,2022,深圳市,广东省,股份制商业银行,0,55.19,-55.19,348.465359,382.504996,298.863984,326.221942,314.750487,204.700504,342.834183,498.756529,5321514.0,15.487268,0.89,12.36,13.01,8.64,1.05,27.45,290.28,21,流动性比例（本外币） ≥25 55.19 55.57 62.05,02_数据集/上市银行年报PDF/000001_平安银行_2022_年度报告.pdf,
000001,平安银行,2023,深圳市,广东省,股份制商业银行,0,68.01,-68.01,359.018699,395.205572,310.048072,328.539621,314.69958,210.940221,346.566175,539.784112,5587116.0,15.535974,0.85,11.38,13.43,9.22,1.06,27.9,277.63,18,流动性比例（本外币） ≥25 68.01 55.19 55.57,02_数据集/上市银行年报PDF/000001_平安银行_2023_年度报告.pdf,
600000,浦发银行,2014,上海市,上海市,股份制商业银行,0,32.93,-32.93,192.59,208.34,186.97,150.77,226.74,115.67,89.87,477.29,,,,21.02,11.25,8.52,1.06,23.12,,40,报告期末， 根据监管口径计算的本行全币折人民币流动性比例32.93%，较2013年末上升,02_数据集/上市银行年报PDF/600000_浦发银行_2014_年度报告.pdf,total_assets abnormal set missing: 2.0
600000,浦发银行,2015,上海市,上海市,股份制商业银行,0,33.5,-33.5,222.45,228.17,209.32,227.4,266.98,161.36,199.2,367.15,,,,18.82,12.23,8.48,1.56,21.86,,41,报告期末， 根据监管口径计算的公司全币折人民币流动性比例33.50%，较2014年末上升,02_数据集/上市银行年报PDF/600000_浦发银行_2015_年度报告.pdf,total_assets abnormal set missing: 2.0
600000,浦发银行,2016,上海市,上海市,股份制商业银行,0,37.05,-37.05,238.957405,238.011374,244.550082,231.933022,306.484175,184.49752,191.898056,434.638482,,,0.98,16.35,11.65,8.53,1.89,23.16,150.0,48,截至报告期末，根据监管口径计算的公司全币折人民币流动性比例 37.05%，较上年末,02_数据集/上市银行年报PDF/600000_浦发银行_2016_年度报告.pdf,total_assets abnormal set missing: 2.0
600000,浦发银行,2017,上海市,上海市,股份制商业银行,0,57.16,-57.16,275.554771,253.361589,320.502302,267.17636,330.071222,189.844497,288.775583,555.300623,,,0.92,14.45,12.02,9.5,2.14,24.34,,54,截至报告期末，监管口径计算的公司全币折人民币流动性比例 57.16%，比上年末上升,02_数据集/上市银行年报PDF/600000_浦发银行_2017_年度报告.pdf,total_assets abnormal set missing: 2.0
600000,浦发银行,2018,上海市,上海市,股份制商业银行,0,55.43,-55.43,291.443233,272.419971,307.71862,324.700595,351.469157,179.164068,281.21368,622.596898,,,0.91,13.14,13.67,10.09,1.92,25.12,156.38,53,截至报告期末，根据监管口径计算的公司全币折人民币流动性比例 55.43%，较上年末,02_数据集/上市银行年报PDF/600000_浦发银行_2018_年度报告.pdf,total_assets abnormal set missing: 2.0
600000,浦发银行,2019,上海市,上海市,股份制商业银行,0,51.64,-51.64,308.640418,292.89282,321.951437,336.469374,357.286015,191.755563,304.150924,668.342199,,,0.9,12.29,13.86,10.26,2.05,22.58,133.85,45,截至报告期末，根据监管口径计算的集团口径流动性比例 51.64%，公司口径流动性比例 51.61%，较上年末下降,02_数据集/上市银行年报PDF/600000_浦发银行_2019_年度报告.pdf,total_assets abnormal set missing: 2.0
600000,浦发银行,2020,上海市,上海市,股份制商业银行,0,46.03,-46.03,320.787942,306.783728,339.01682,333.924486,357.71676,196.829271,373.369532,685.834211,,,0.79,10.81,14.64,9.51,1.73,23.78,150.74,50,截至报告期末，根据监管口径计算的集团口径流动性比例 46.03%，公司口径流动性比例 45.95%；人民币超额备付率,02_数据集/上市银行年报PDF/600000_浦发银行_2020_年度报告.pdf,total_assets abnormal set missing: 2.0
600000,浦发银行,2021,上海市,上海市,股份制商业银行,0,49.63,-49.63,351.53222,357.529499,350.018929,334.500706,355.490728,211.028816,425.055238,666.285774,,,0.67,8.75,14.01,9.4,1.61,26.17,140.66,53,截至报告期末， 根据监管口径计算的集团口径流动性比例49.63%， 公司口径流动性比例49.45%， 较上年末,02_数据集/上市银行年报PDF/600000_浦发银行_2021_年度报告.pdf,total_assets abnormal set missing: 2.0
600016,民生银行,2014,北京市,北京市,股份制商业银行,0,36.0,-36.0,190.68,214.08,172.16,147.06,199.74,103.9,88.0,436.54,4015136.0,15.205582,1.26,20.41,10.69,8.58,0.38,33.27,182.2,18,流动性比例 汇总人民币 ≥25 36.00 29.31 36.01,02_数据集/上市银行年报PDF/600016_民生银行_2014_年度报告.pdf,
600016,民生银行,2015,北京市,北京市,股份制商业银行,0,44.72,-44.72,222.21,235.6,193.18,230.75,243.45,145.88,189.25,332.25,4520688.0,15.324175,1.1,16.98,11.49,9.17,1.6,31.22,153.63,15,流动性比例 汇总人民币 ≥25 44.72 36.00 29.31,02_数据集/上市银行年报PDF/600016_民生银行_2015_年度报告.pdf,
600016,民生银行,2016,北京市,北京市,股份制商业银行,0,39.64,-39.64,243.143458,246.724175,234.014419,247.92378,285.599789,175.598018,184.065886,401.754103,,,0.94,15.13,11.73,8.95,1.68,30.98,155.41,15,流动性比例 汇总人民币 ≥25 39.64 44.72 36.00,02_数据集/上市银行年报PDF/600016_民生银行_2016_年度报告.pdf,total_assets abnormal set missing: 58958.77
600016,民生银行,2017,北京市,北京市,股份制商业银行,0,39.8,-39.8,269.903254,260.838953,290.406817,262.591717,301.767211,180.340129,281.143903,509.379971,5902086.0,15.590816,0.86,14.03,11.85,8.63,1.71,31.72,155.61,19,流动性比例 汇总人民币 ≥25 39.80 39.64 44.72,02_数据集/上市银行年报PDF/600016_民生银行_2017_年度报告.pdf,
600016,民生银行,2018,北京市,北京市,股份制商业银行,0,51.64,-51.64,285.413992,277.89641,286.158587,308.901338,315.205271,167.783062,271.258278,551.110748,5994822.0,15.606407,0.85,12.94,11.75,8.93,1.76,30.07,134.05,21,流动性比例 汇总人民币 ≥25 51.64 39.80 39.64,02_数据集/上市银行年报PDF/600016_民生银行_2018_年度报告.pdf,
600016,民生银行,2019,北京市,北京市,股份制商业银行,0,54.06,-54.06,301.327114,297.460062,297.68068,320.740637,325.372489,179.895082,296.744884,577.862556,6681841.0,15.714904,0.87,12.4,13.17,8.89,1.56,26.74,155.5,22,流动性比例 汇总人民币 ≥25 54.06 51.64 39.80,02_数据集/上市银行年报PDF/600016_民生银行_2019_年度报告.pdf,
600016,民生银行,2020,北京市,北京市,股份制商业银行,0,49.72,-49.72,311.957505,308.12663,312.771078,323.147686,333.761711,184.631149,366.611119,579.613389,6950233.0,15.754286,0.51,6.81,13.04,8.51,1.82,26.19,139.38,22,流动性比例（汇总人民币） ≥25 49.72 54.06 51.64,02_数据集/上市银行年报PDF/600016_民生银行_2020_年度报告.pdf,
600016,民生银行,2023,北京市,北京市,股份制商业银行,0,66.63,-66.63,355.962902,389.222845,312.296767,325.509207,297.484962,204.062072,379.178041,558.010513,7674965.0,15.853474,0.48,6.1,13.14,9.28,1.48,36.1,149.69,22,流动性比例 （本外币） ≥25 66.63 51.30 47.06,02_数据集/上市银行年报PDF/600016_民生银行_2023_年度报告.pdf,
600036,招商银行,2014,深圳市,广东省,股份制商业银行,0,59.38,-59.38,189.26,219.98,153.79,152.26,173.08,114.25,77.71,343.54,4731829.0,15.369822,,19.28,11.74,10.44,1.11,30.54,233.42,12,流动性比例 人民币 ≥25 59.38 59.64 52.29,02_数据集/上市银行年报PDF/600036_招商银行_2014_年度报告.pdf,roa abnormal set missing: 19.28
600036,招商银行,2015,深圳市,广东省,股份制商业银行,0,65.67,-65.67,219.99,242.89,176.22,223.94,214.97,158.69,156.63,272.42,5474978.0,15.515699,,17.09,11.91,10.83,1.68,27.67,178.95,13,流动性比例 人民币 ≥25 65.67 59.38 59.64,02_数据集/上市银行年报PDF/600036_招商银行_2015_年度报告.pdf,roa abnormal set missing: 17.09
600036,招商银行,2016,深圳市,广东省,股份制商业银行,0,59.42,-59.42,238.046477,254.125702,221.001306,215.941493,276.475676,182.949721,156.158377,366.417181,5942311.0,15.597609,1.09,1.09,12.0,11.54,1.87,28.01,179.03,13,流动性比例 人民币 ≥25 59.42 65.67 59.38,02_数据集/上市银行年报PDF/600036_招商银行_2016_年度报告.pdf,
600036,招商银行,2018,深圳市,广东省,股份制商业银行,0,44.94,-44.94,289.221897,290.317476,276.769491,308.250005,323.5051,176.761691,228.508958,534.107124,6745729.0,15.72442,1.24,16.57,15.68,11.78,1.36,31.02,358.18,18,流动性比例 人民币 ≥25 44.94 40.68 59.42,02_数据集/上市银行年报PDF/600036_招商银行_2018_年度报告.pdf,
600036,招商银行,2019,深圳市,广东省,股份制商业银行,0,51.18,-51.18,306.673179,310.911843,289.691847,323.553717,336.372446,190.05769,257.441741,561.036827,7417240.0,15.819318,1.31,16.71,15.54,11.95,1.16,32.09,426.78,18,流动性比例 人民币 ≥25 51.18 44.94 40.68,02_数据集/上市银行年报PDF/600036_招商银行_2019_年度报告.pdf,
601166,兴业银行,2014,福州市,福建省,股份制商业银行,0,41.59,-41.59,179.35,198.11,150.79,169.34,193.85,105.94,67.18,358.87,,,1.18,21.21,11.29,8.05,1.1,23.78,250.21,14,流动性比例（折人民币） ≥25 41.59 35.79 29.47,02_数据集/上市银行年报PDF/601166_兴业银行_2014_年度报告.pdf,total_assets abnormal set missing: 1.18
601166,兴业银行,2015,福州市,福建省,股份制商业银行,0,56.8,-56.8,209.4,217.15,179.81,237.58,241.63,150.64,150.33,316.12,,,1.04,18.89,11.19,8.43,1.46,21.59,210.08,14,流动性比例（折人民币） ≥25 56.80 41.59 35.79,02_数据集/上市银行年报PDF/601166_兴业银行_2015_年度报告.pdf,total_assets abnormal set missing: 1.04
601166,兴业银行,2016,福州市,福建省,股份制商业银行,0,59.35,-59.35,226.293009,225.374523,227.82036,226.564243,291.523677,180.616412,153.915521,415.816858,,,0.95,,12.02,8.55,1.65,23.39,210.51,14,流动性比例（折人民币） ≥25 59.35 56.80 41.59,02_数据集/上市银行年报PDF/601166_兴业银行_2016_年度报告.pdf,total_assets abnormal set missing: 0.95; roe abnormal set missing: 32.75
601166,兴业银行,2017,福州市,福建省,股份制商业银行,0,60.83,-60.83,257.853485,241.087777,287.071945,260.134778,309.528264,184.969097,248.19178,511.575719,,,0.92,15.35,12.19,9.07,1.59,27.63,211.78,14,流动性比例（折人民币） ≥25 60.83 59.35 56.80,02_数据集/上市银行年报PDF/601166_兴业银行_2017_年度报告.pdf,total_assets abnormal set missing: 0.92
601166,兴业银行,2018,福州市,福建省,股份制商业银行,0,66.52,-66.52,272.673364,258.637415,279.215831,307.147809,321.156713,172.948193,228.062203,564.934487,,,0.93,,12.2,9.3,1.57,26.89,207.28,14,流动性比例（折人民币） ≥25 66.52 60.83 59.35,02_数据集/上市银行年报PDF/601166_兴业银行_2018_年度报告.pdf,total_assets abnormal set missing: 0.93
601166,兴业银行,2019,福州市,福建省,股份制商业银行,0,75.07,-75.07,285.115326,276.640526,286.53899,310.529389,326.270413,182.470374,251.048561,575.524283,,,0.96,14.02,13.36,9.47,1.54,26.03,199.13,12,流动性比例（折人民币） ≥25 75.07 66.52 60.83,02_数据集/上市银行年报PDF/601166_兴业银行_2019_年度报告.pdf,total_assets abnormal set missing: 0.96
601166,兴业银行,2020,福州市,福建省,股份制商业银行,0,67.39,-67.39,296.086512,290.276956,298.544804,310.820581,321.512881,187.553493,319.796845,565.730134,,,0.9,,13.47,9.33,1.25,24.16,218.83,11,流动性比例（折人民币） ≥25 67.39 75.07 66.52,02_数据集/上市银行年报PDF/601166_兴业银行_2020_年度报告.pdf,total_assets abnormal set missing: 0.9
601166,兴业银行,2021,福州市,福建省,股份制商业银行,0,56.26,-56.26,326.005582,335.409406,314.713637,315.493516,313.826385,206.064696,382.164051,539.307898,,,1.02,13.94,14.39,9.81,1.1,25.68,268.73,16,流动性比例 (折人民币 ) ≥25 56.26 67.39 75.07,02_数据集/上市银行年报PDF/601166_兴业银行_2021_年度报告.pdf,total_assets abnormal set missing: 1.02
601166,兴业银行,2022,福州市,福建省,股份制商业银行,0,64.45,-64.45,331.571358,356.609086,294.509993,316.263868,298.232649,201.977452,329.60958,518.287461,,,1.03,13.85,14.44,9.81,1.09,29.37,236.44,16,流动性比例（折人民币） ≥25 64.45 56.26 67.39,02_数据集/上市银行年报PDF/601166_兴业银行_2022_年度报告.pdf,total_assets abnormal set missing: 2198.42
601166,兴业银行,2023,福州市,福建省,股份制商业银行,0,54.82,-54.82,341.793916,370.611536,304.238218,314.904196,296.442594,207.563998,341.458707,543.289108,,,0.8,10.64,14.13,14.13,1.07,29.97,245.21,16,流动性比例（本外币合计） ≥25 54.82 64.45 56.26,02_数据集/上市银行年报PDF/601166_兴业银行_2023_年度报告.pdf,total_assets abnormal set missing: 2142.41
601328,交通银行,2023,上海市,上海市,国有大型商业银行,1,64.92,-64.92,363.216925,389.378568,330.80454,335.752295,330.69925,211.795126,385.792572,615.932362,14060472.0,16.458878,,,15.27,10.23,1.33,27.0,195.21,50,流动性比例(%) ≥25 64.92 69.76 67.11,02_数据集/上市银行年报PDF/601328_交通银行_2023_年度报告.pdf,
601398,工商银行,2020,北京市,北京市,国有大型商业银行,1,43.2,-43.2,311.957505,308.12663,312.771078,323.147686,333.761711,184.631149,366.611119,579.613389,33345058.0,17.32242,,11.95,16.88,,1.58,22.3,180.68,91,2020 年，人民币流动性比例 43.2%， 外币流动性比例91.4%， 均满足监管要,02_数据集/上市银行年报PDF/601398_工商银行_2020_年度报告.pdf,
601398,工商银行,2023,北京市,北京市,国有大型商业银行,1,54.5,-54.5,355.962902,389.222845,312.296767,325.509207,297.484962,204.062072,379.178041,558.010513,44697079.0,17.615419,0.87,10.66,15.06,,1.59,26.96,205.14,90,2023 年末， 人民币流动性比例54.5%， 外币流动性比例88.8%， 均满足监管,02_数据集/上市银行年报PDF/601398_工商银行_2023_年度报告.pdf,
601988,中国银行,2016,北京市,北京市,国有大型商业银行,1,45.6,-45.6,243.143458,246.724175,234.014419,247.92378,285.599789,175.598018,184.065886,401.754103,,,1.05,12.58,14.28,11.37,1.46,28.08,162.82,56,流动性比例  人民币 ≥25 45.6 48.6 49.9  外币 ≥25 52.7 62.0 59.9 ,02_数据集/上市银行年报PDF/601988_中国银行_2016_年度报告.pdf,total_assets abnormal set missing: 100.0
601988,中国银行,2018,北京市,北京市,国有大型商业银行,1,58.7,-58.7,285.413992,277.89641,286.158587,308.901338,315.205271,167.783062,271.258278,551.110748,,,0.94,12.06,14.97,11.41,1.42,28.09,181.97,60,12 月 31 日  流动性比例  人民币 ≥25 58.7 47.1 45.6 ,02_数据集/上市银行年报PDF/601988_中国银行_2018_年度报告.pdf,total_assets abnormal set missing: 100.0
601988,中国银行,2023,北京市,北京市,国有大型商业银行,1,55.0,-55.0,355.962902,389.222845,312.296767,325.509207,297.484962,204.062072,379.178041,558.010513,,,0.8,10.12,17.74,11.63,1.27,28.5,191.66,60,流动性比例 人民币 ≥25 55.0 49.0 49.6,02_数据集/上市银行年报PDF/601988_中国银行_2023_年度报告.pdf,total_assets abnormal set missing: 100.0
