variable,n,mean,sd,min,median,max
liquidity_risk,47,-53.6147,9.8102,-75.07,-54.82,-32.93
liquidity_ratio,47,53.6147,9.8102,32.93,54.82,75.07
dfi_index,47,279.9044,54.036,179.35,285.414,363.2169
dfi_breadth,47,287.9029,57.4168,198.11,277.8964,395.2056
dfi_depth,47,267.1462,56.7651,150.79,287.0719,350.0189
dfi_digitization,47,276.692,58.3935,147.06,308.9013,336.4694
capital_adequacy_ratio,47,13.0268,1.6439,10.69,13.04,17.74
npl_ratio,47,1.4643,0.3374,0.38,1.56,2.14
cost_income_ratio,47,27.6885,3.5028,21.59,27.67,36.33
roa,41,0.9088,0.1742,0.48,0.91,1.31
roe,43,13.4765,4.04,1.09,13.14,21.21
ln_total_assets,25,15.587,0.6906,14.5978,15.5157,17.6154
