code,name,year,status,title,url,file
"600036","招商银行",2014,"downloaded","2014年年度报告","https://static.cninfo.com.cn/finalpage/2015-03-19/1200715897.PDF","02_数据集/上市银行年报PDF/600036_招商银行_2014_年度报告.pdf"
"600036","招商银行",2015,"downloaded","2015年年度报告","https://static.cninfo.com.cn/finalpage/2016-03-31/1202113640.PDF","02_数据集/上市银行年报PDF/600036_招商银行_2015_年度报告.pdf"
"600036","招商银行",2016,"downloaded","2016年年度报告","https://static.cninfo.com.cn/finalpage/2017-03-25/1203196857.PDF","02_数据集/上市银行年报PDF/600036_招商银行_2016_年度报告.pdf"
"600036","招商银行",2017,"downloaded","2017年年度报告","https://static.cninfo.com.cn/finalpage/2018-03-24/1204512929.PDF","02_数据集/上市银行年报PDF/600036_招商银行_2017_年度报告.pdf"
"600036","招商银行",2018,"downloaded","2018年年度报告","https://static.cninfo.com.cn/finalpage/2019-03-23/1205932064.PDF","02_数据集/上市银行年报PDF/600036_招商银行_2018_年度报告.pdf"
"600036","招商银行",2019,"downloaded","2019年年度报告","https://static.cninfo.com.cn/finalpage/2020-03-21/1207390595.PDF","02_数据集/上市银行年报PDF/600036_招商银行_2019_年度报告.pdf"
"600036","招商银行",2020,"downloaded","招商银行股份有限公司2020年度报告","https://static.cninfo.com.cn/finalpage/2021-03-20/1209418141.PDF","02_数据集/上市银行年报PDF/600036_招商银行_2020_年度报告.pdf"
"600036","招商银行",2021,"downloaded","招商银行股份有限公司2021年度报告","https://static.cninfo.com.cn/finalpage/2022-03-19/1212626208.PDF","02_数据集/上市银行年报PDF/600036_招商银行_2021_年度报告.pdf"
"600036","招商银行",2022,"downloaded","招商银行股份有限公司2022年度报告","https://static.cninfo.com.cn/finalpage/2023-03-25/1216221326.PDF","02_数据集/上市银行年报PDF/600036_招商银行_2022_年度报告.pdf"
600036,招商银行,2023,exists,,,02_数据集/上市银行年报PDF/600036_招商银行_2023_年度报告.pdf
"000001","平安银行",2014,"downloaded","2014年年度报告","https://static.cninfo.com.cn/finalpage/2015-03-13/1200694563.PDF","02_数据集/上市银行年报PDF/000001_平安银行_2014_年度报告.pdf"
"000001","平安银行",2015,"downloaded","2015年年度报告","https://static.cninfo.com.cn/finalpage/2016-03-10/1202033390.PDF","02_数据集/上市银行年报PDF/000001_平安银行_2015_年度报告.pdf"
"000001","平安银行",2016,"downloaded","2016年年度报告","https://static.cninfo.com.cn/finalpage/2017-03-17/1203167519.PDF","02_数据集/上市银行年报PDF/000001_平安银行_2016_年度报告.pdf"
"000001","平安银行",2017,"downloaded","2017年年度报告","https://static.cninfo.com.cn/finalpage/2018-03-15/1204477157.PDF","02_数据集/上市银行年报PDF/000001_平安银行_2017_年度报告.pdf"
"000001","平安银行",2018,"downloaded","2018年年度报告","https://static.cninfo.com.cn/finalpage/2019-03-07/1205881066.PDF","02_数据集/上市银行年报PDF/000001_平安银行_2018_年度报告.pdf"
"000001","平安银行",2019,"downloaded","2019年年度报告","https://static.cninfo.com.cn/finalpage/2020-02-14/1207305488.PDF","02_数据集/上市银行年报PDF/000001_平安银行_2019_年度报告.pdf"
"000001","平安银行",2020,"downloaded","2020年年度报告","https://static.cninfo.com.cn/finalpage/2021-02-02/1209224370.PDF","02_数据集/上市银行年报PDF/000001_平安银行_2020_年度报告.pdf"
"000001","平安银行",2021,"downloaded","2021年年度报告","https://static.cninfo.com.cn/finalpage/2022-03-10/1212533413.PDF","02_数据集/上市银行年报PDF/000001_平安银行_2021_年度报告.pdf"
"000001","平安银行",2022,"downloaded","2022年年度报告","https://static.cninfo.com.cn/finalpage/2023-03-09/1216072952.PDF","02_数据集/上市银行年报PDF/000001_平安银行_2022_年度报告.pdf"
"000001","平安银行",2023,"downloaded","2023年年度报告","https://static.cninfo.com.cn/finalpage/2024-03-15/1219306493.PDF","02_数据集/上市银行年报PDF/000001_平安银行_2023_年度报告.pdf"
"601166","兴业银行",2014,"downloaded","2014年年度报告","https://static.cninfo.com.cn/finalpage/2015-04-28/1200924059.PDF","02_数据集/上市银行年报PDF/601166_兴业银行_2014_年度报告.pdf"
"601166","兴业银行",2015,"downloaded","2015年年度报告","https://static.cninfo.com.cn/finalpage/2016-04-28/1202260816.PDF","02_数据集/上市银行年报PDF/601166_兴业银行_2015_年度报告.pdf"
"601166","兴业银行",2016,"downloaded","2016年年度报告","https://static.cninfo.com.cn/finalpage/2017-04-29/1203428964.PDF","02_数据集/上市银行年报PDF/601166_兴业银行_2016_年度报告.pdf"
"601166","兴业银行",2017,"downloaded","2017年年度报告","https://static.cninfo.com.cn/finalpage/2018-04-25/1204740335.PDF","02_数据集/上市银行年报PDF/601166_兴业银行_2017_年度报告.pdf"
"601166","兴业银行",2018,"downloaded","2018年年度报告","https://static.cninfo.com.cn/finalpage/2019-04-30/1206161564.PDF","02_数据集/上市银行年报PDF/601166_兴业银行_2018_年度报告.pdf"
"601166","兴业银行",2019,"downloaded","2019年年度报告","https://static.cninfo.com.cn/finalpage/2020-04-29/1207656417.PDF","02_数据集/上市银行年报PDF/601166_兴业银行_2019_年度报告.pdf"
"601166","兴业银行",2020,"downloaded","兴业银行2020年年度报告","https://static.cninfo.com.cn/finalpage/2021-03-31/1209488787.PDF","02_数据集/上市银行年报PDF/601166_兴业银行_2020_年度报告.pdf"
"601166","兴业银行",2021,"downloaded","兴业银行2021年年度报告全文","https://static.cninfo.com.cn/finalpage/2022-03-25/1212671853.PDF","02_数据集/上市银行年报PDF/601166_兴业银行_2021_年度报告.pdf"
"601166","兴业银行",2022,"downloaded","兴业银行2022年年度报告","https://static.cninfo.com.cn/finalpage/2023-03-31/1216279418.PDF","02_数据集/上市银行年报PDF/601166_兴业银行_2022_年度报告.pdf"
"601166","兴业银行",2023,"downloaded","兴业银行2023年年度报告","https://static.cninfo.com.cn/finalpage/2024-03-29/1219445697.PDF","02_数据集/上市银行年报PDF/601166_兴业银行_2023_年度报告.pdf"
"600000","浦发银行",2014,"downloaded","2014年年度报告","https://static.cninfo.com.cn/finalpage/2015-03-19/1200716042.PDF","02_数据集/上市银行年报PDF/600000_浦发银行_2014_年度报告.pdf"
"600000","浦发银行",2015,"downloaded","2015年年度报告","https://static.cninfo.com.cn/finalpage/2016-04-07/1202145027.PDF","02_数据集/上市银行年报PDF/600000_浦发银行_2015_年度报告.pdf"
"600000","浦发银行",2016,"downloaded","2016年年度报告","https://static.cninfo.com.cn/finalpage/2017-04-01/1203248141.PDF","02_数据集/上市银行年报PDF/600000_浦发银行_2016_年度报告.pdf"
"600000","浦发银行",2017,"downloaded","2017年年度报告","https://static.cninfo.com.cn/finalpage/2018-04-28/1204824225.PDF","02_数据集/上市银行年报PDF/600000_浦发银行_2017_年度报告.pdf"
"600000","浦发银行",2018,"downloaded","2018年年度报告","https://static.cninfo.com.cn/finalpage/2019-03-26/1205938654.PDF","02_数据集/上市银行年报PDF/600000_浦发银行_2018_年度报告.pdf"
"600000","浦发银行",2019,"downloaded","2019年年度报告","https://static.cninfo.com.cn/finalpage/2020-04-25/1207609542.PDF","02_数据集/上市银行年报PDF/600000_浦发银行_2019_年度报告.pdf"
"600000","浦发银行",2020,"downloaded","上海浦东发展银行股份有限公司2020年年度报告(全文)","https://static.cninfo.com.cn/finalpage/2021-03-27/1209565322.PDF","02_数据集/上市银行年报PDF/600000_浦发银行_2020_年度报告.pdf"
"600000","浦发银行",2021,"downloaded","上海浦东发展银行股份有限公司2021年年度报告（全文）","https://static.cninfo.com.cn/finalpage/2022-04-28/1213175151.PDF","02_数据集/上市银行年报PDF/600000_浦发银行_2021_年度报告.pdf"
"600000","浦发银行",2022,"downloaded","上海浦东发展银行股份有限公司2022年年度报告（摘要）","https://static.cninfo.com.cn/finalpage/2023-04-19/1216456213.PDF","02_数据集/上市银行年报PDF/600000_浦发银行_2022_年度报告.pdf"
"600000","浦发银行",2023,"downloaded","上海浦东发展银行股份有限公司2023年年度报告","https://static.cninfo.com.cn/finalpage/2024-04-30/1219910205.PDF","02_数据集/上市银行年报PDF/600000_浦发银行_2023_年度报告.pdf"
"600016","民生银行",2014,"downloaded","2014年年度报告","https://static.cninfo.com.cn/finalpage/2015-03-31/1200769471.PDF","02_数据集/上市银行年报PDF/600016_民生银行_2014_年度报告.pdf"
"600016","民生银行",2015,"downloaded","2015年年度报告","https://static.cninfo.com.cn/finalpage/2016-03-31/1202115772.PDF","02_数据集/上市银行年报PDF/600016_民生银行_2015_年度报告.pdf"
"600016","民生银行",2016,"downloaded","2016年年度报告","https://static.cninfo.com.cn/finalpage/2017-03-31/1203241887.PDF","02_数据集/上市银行年报PDF/600016_民生银行_2016_年度报告.pdf"
"600016","民生银行",2017,"downloaded","2017年年度报告","https://static.cninfo.com.cn/finalpage/2018-03-30/1204557478.PDF","02_数据集/上市银行年报PDF/600016_民生银行_2017_年度报告.pdf"
"600016","民生银行",2018,"downloaded","2018年年度报告","https://static.cninfo.com.cn/finalpage/2019-03-30/1205969036.PDF","02_数据集/上市银行年报PDF/600016_民生银行_2018_年度报告.pdf"
"600016","民生银行",2019,"downloaded","2019年年度报告","https://static.cninfo.com.cn/finalpage/2020-03-31/1207432789.PDF","02_数据集/上市银行年报PDF/600016_民生银行_2019_年度报告.pdf"
"600016","民生银行",2020,"downloaded","2020年年度报告A股（含财务报告）","https://static.cninfo.com.cn/finalpage/2021-03-31/1209495112.PDF","02_数据集/上市银行年报PDF/600016_民生银行_2020_年度报告.pdf"
"600016","民生银行",2021,"downloaded","中国民生银行2021年年度报告A股","https://static.cninfo.com.cn/finalpage/2022-03-30/1212728507.PDF","02_数据集/上市银行年报PDF/600016_民生银行_2021_年度报告.pdf"
"600016","民生银行",2022,"downloaded","中国民生银行2022年年度报告","https://static.cninfo.com.cn/finalpage/2023-03-28/1216238250.PDF","02_数据集/上市银行年报PDF/600016_民生银行_2022_年度报告.pdf"
"600016","民生银行",2023,"downloaded","中国民生银行2023年年度报告","https://static.cninfo.com.cn/finalpage/2024-03-29/1219445373.PDF","02_数据集/上市银行年报PDF/600016_民生银行_2023_年度报告.pdf"
"601398","工商银行",2014,"downloaded","2014年年度报告","https://static.cninfo.com.cn/finalpage/2015-03-27/1200749694.PDF","02_数据集/上市银行年报PDF/601398_工商银行_2014_年度报告.pdf"
"601398","工商银行",2015,"downloaded","H股-2015年度报告","https://static.cninfo.com.cn/finalpage/2016-04-23/1202231398.PDF","02_数据集/上市银行年报PDF/601398_工商银行_2015_年度报告.pdf"
"601398","工商银行",2016,"downloaded","2016年年度报告","https://static.cninfo.com.cn/finalpage/2017-03-31/1203239611.PDF","02_数据集/上市银行年报PDF/601398_工商银行_2016_年度报告.pdf"
"601398","工商银行",2017,"downloaded","2017年年度报告","https://static.cninfo.com.cn/finalpage/2018-03-28/1204526743.PDF","02_数据集/上市银行年报PDF/601398_工商银行_2017_年度报告.pdf"
"601398","工商银行",2018,"downloaded","2018年年度报告","https://static.cninfo.com.cn/finalpage/2019-03-29/1205958883.PDF","02_数据集/上市银行年报PDF/601398_工商银行_2018_年度报告.pdf"
"601398","工商银行",2019,"downloaded","H股公告-2019年度报告","https://static.cninfo.com.cn/finalpage/2020-04-25/1207611540.PDF","02_数据集/上市银行年报PDF/601398_工商银行_2019_年度报告.pdf"
"601398","工商银行",2020,"downloaded","工商银行2020年度报告","https://static.cninfo.com.cn/finalpage/2021-03-27/1209464439.PDF","02_数据集/上市银行年报PDF/601398_工商银行_2020_年度报告.pdf"
"601398","工商银行",2021,"downloaded","工商银行H股公告-2021年度报告","https://static.cninfo.com.cn/finalpage/2022-04-28/1213169697.PDF","02_数据集/上市银行年报PDF/601398_工商银行_2021_年度报告.pdf"
"601398","工商银行",2022,"downloaded","工商银行H股公告-2022年度报告","https://static.cninfo.com.cn/finalpage/2023-04-27/1216613647.PDF","02_数据集/上市银行年报PDF/601398_工商银行_2022_年度报告.pdf"
"601398","工商银行",2023,"downloaded","工商银行2023年度报告","https://static.cninfo.com.cn/finalpage/2024-03-28/1219429144.PDF","02_数据集/上市银行年报PDF/601398_工商银行_2023_年度报告.pdf"
"601288","农业银行",2014,"downloaded","2014年年度报告","https://static.cninfo.com.cn/finalpage/2015-03-25/1200738312.PDF","02_数据集/上市银行年报PDF/601288_农业银行_2014_年度报告.pdf"
"601288","农业银行",2015,"downloaded","2015年年度报告","https://static.cninfo.com.cn/finalpage/2016-04-01/1202123824.PDF","02_数据集/上市银行年报PDF/601288_农业银行_2015_年度报告.pdf"
"601288","农业银行",2016,"downloaded","2016年年度报告","https://static.cninfo.com.cn/finalpage/2017-03-29/1203217998.PDF","02_数据集/上市银行年报PDF/601288_农业银行_2016_年度报告.pdf"
"601288","农业银行",2017,"downloaded","2017年年度报告","https://static.cninfo.com.cn/finalpage/2018-03-27/1204520795.PDF","02_数据集/上市银行年报PDF/601288_农业银行_2017_年度报告.pdf"
"601288","农业银行",2018,"downloaded","2018年年度报告","https://static.cninfo.com.cn/finalpage/2019-03-30/1205969651.PDF","02_数据集/上市银行年报PDF/601288_农业银行_2018_年度报告.pdf"
"601288","农业银行",2019,"downloaded","2019年年度报告","https://static.cninfo.com.cn/finalpage/2020-03-31/1207431786.PDF","02_数据集/上市银行年报PDF/601288_农业银行_2019_年度报告.pdf"
"601288","农业银行",2020,"downloaded","农业银行2020年度报告","https://static.cninfo.com.cn/finalpage/2021-03-31/1209490205.PDF","02_数据集/上市银行年报PDF/601288_农业银行_2020_年度报告.pdf"
"601288","农业银行",2021,"downloaded","农业银行2021年度报告","https://static.cninfo.com.cn/finalpage/2022-03-31/1212749887.PDF","02_数据集/上市银行年报PDF/601288_农业银行_2021_年度报告.pdf"
"601288","农业银行",2022,"downloaded","农业银行2022年度报告","https://static.cninfo.com.cn/finalpage/2023-03-31/1216275777.PDF","02_数据集/上市银行年报PDF/601288_农业银行_2022_年度报告.pdf"
"601288","农业银行",2023,"downloaded","农业银行2023年度报告","https://static.cninfo.com.cn/finalpage/2024-03-29/1219445723.PDF","02_数据集/上市银行年报PDF/601288_农业银行_2023_年度报告.pdf"
"601988","中国银行",2014,"downloaded","H股-2014年年度报告","https://static.cninfo.com.cn/finalpage/2015-03-26/1200742424.PDF","02_数据集/上市银行年报PDF/601988_中国银行_2014_年度报告.pdf"
"601988","中国银行",2015,"downloaded","2015年年度报告","https://static.cninfo.com.cn/finalpage/2016-03-31/1202113900.PDF","02_数据集/上市银行年报PDF/601988_中国银行_2015_年度报告.pdf"
"601988","中国银行",2016,"downloaded","2016年年度报告","https://static.cninfo.com.cn/finalpage/2017-04-01/1203248032.PDF","02_数据集/上市银行年报PDF/601988_中国银行_2016_年度报告.pdf"
"601988","中国银行",2017,"downloaded","H股公告-2017年年度报告","https://static.cninfo.com.cn/finalpage/2018-03-30/1204547473.PDF","02_数据集/上市银行年报PDF/601988_中国银行_2017_年度报告.pdf"
"601988","中国银行",2018,"downloaded","2018年年度报告","https://static.cninfo.com.cn/finalpage/2019-03-30/1205968029.PDF","02_数据集/上市银行年报PDF/601988_中国银行_2018_年度报告.pdf"
"601988","中国银行",2019,"downloaded","2019年年度报告","https://static.cninfo.com.cn/finalpage/2020-03-28/1207419624.PDF","02_数据集/上市银行年报PDF/601988_中国银行_2019_年度报告.pdf"
"601988","中国银行",2020,"downloaded","中国银行股份有限公司2020年年度报告","https://static.cninfo.com.cn/finalpage/2021-03-31/1209484984.PDF","02_数据集/上市银行年报PDF/601988_中国银行_2020_年度报告.pdf"
"601988","中国银行",2021,"downloaded","中国银行股份有限公司2021年年度报告","https://static.cninfo.com.cn/finalpage/2022-03-30/1212727433.PDF","02_数据集/上市银行年报PDF/601988_中国银行_2021_年度报告.pdf"
"601988","中国银行",2022,"downloaded","H股公告-2022年年度报告","https://static.cninfo.com.cn/finalpage/2023-03-31/1216276306.PDF","02_数据集/上市银行年报PDF/601988_中国银行_2022_年度报告.pdf"
"601988","中国银行",2023,"downloaded","中国银行股份有限公司2023年年度报告","https://static.cninfo.com.cn/finalpage/2024-03-29/1219445780.PDF","02_数据集/上市银行年报PDF/601988_中国银行_2023_年度报告.pdf"
"601939","建设银行",2014,"downloaded","2014年年度报告","https://static.cninfo.com.cn/finalpage/2015-03-28/1200757612.PDF","02_数据集/上市银行年报PDF/601939_建设银行_2014_年度报告.pdf"
"601939","建设银行",2015,"downloaded","2015年年度报告","https://static.cninfo.com.cn/finalpage/2016-03-31/1202115131.PDF","02_数据集/上市银行年报PDF/601939_建设银行_2015_年度报告.pdf"
"601939","建设银行",2016,"downloaded","2016年年度报告","https://static.cninfo.com.cn/finalpage/2017-03-30/1203227288.PDF","02_数据集/上市银行年报PDF/601939_建设银行_2016_年度报告.pdf"
"601939","建设银行",2017,"downloaded","2017年年度报告","https://static.cninfo.com.cn/finalpage/2018-03-28/1204527033.PDF","02_数据集/上市银行年报PDF/601939_建设银行_2017_年度报告.pdf"
"601939","建设银行",2018,"downloaded","2018年年度报告","https://static.cninfo.com.cn/finalpage/2019-03-28/1205950381.PDF","02_数据集/上市银行年报PDF/601939_建设银行_2018_年度报告.pdf"
"601939","建设银行",2019,"downloaded","2019年年度报告","https://static.cninfo.com.cn/finalpage/2020-03-30/1207423561.PDF","02_数据集/上市银行年报PDF/601939_建设银行_2019_年度报告.pdf"
"601939","建设银行",2020,"downloaded","建设银行2020年年度报告","https://static.cninfo.com.cn/finalpage/2021-03-27/1209466310.PDF","02_数据集/上市银行年报PDF/601939_建设银行_2020_年度报告.pdf"
"601939","建设银行",2021,"downloaded","建设银行2021年年度报告","https://static.cninfo.com.cn/finalpage/2022-03-30/1212730963.PDF","02_数据集/上市银行年报PDF/601939_建设银行_2021_年度报告.pdf"
601939,建设银行,2022,missing,,,
"601939","建设银行",2023,"downloaded","建设银行H股公告-2023年年度报告","https://static.cninfo.com.cn/finalpage/2024-04-26/1219819406.PDF","02_数据集/上市银行年报PDF/601939_建设银行_2023_年度报告.pdf"
"601328","交通银行",2014,"downloaded","2014年年度报告","https://static.cninfo.com.cn/finalpage/2015-03-27/1200749973.PDF","02_数据集/上市银行年报PDF/601328_交通银行_2014_年度报告.pdf"
"601328","交通银行",2015,"downloaded","H股-2015年年度报告","https://static.cninfo.com.cn/finalpage/2016-04-20/1202205328.PDF","02_数据集/上市银行年报PDF/601328_交通银行_2015_年度报告.pdf"
"601328","交通银行",2016,"downloaded","2016年年度报告","https://static.cninfo.com.cn/finalpage/2017-03-29/1203217974.PDF","02_数据集/上市银行年报PDF/601328_交通银行_2016_年度报告.pdf"
"601328","交通银行",2017,"downloaded","H股公告-2017年年度报告","https://static.cninfo.com.cn/finalpage/2018-04-20/1204668481.PDF","02_数据集/上市银行年报PDF/601328_交通银行_2017_年度报告.pdf"
"601328","交通银行",2018,"downloaded","2018年年度报告","https://static.cninfo.com.cn/finalpage/2019-03-30/1205969225.PDF","02_数据集/上市银行年报PDF/601328_交通银行_2018_年度报告.pdf"
"601328","交通银行",2019,"downloaded","H股公告-2019年年度报告","https://static.cninfo.com.cn/finalpage/2020-04-22/1207550537.PDF","02_数据集/上市银行年报PDF/601328_交通银行_2019_年度报告.pdf"
"601328","交通银行",2020,"downloaded","交通银行H股公告-2020年度报告","https://static.cninfo.com.cn/finalpage/2021-04-23/1209772472.PDF","02_数据集/上市银行年报PDF/601328_交通银行_2020_年度报告.pdf"
"601328","交通银行",2021,"downloaded","交通银行H股公告-2021年度报告","https://static.cninfo.com.cn/finalpage/2022-04-22/1213020557.PDF","02_数据集/上市银行年报PDF/601328_交通银行_2021_年度报告.pdf"
"601328","交通银行",2022,"downloaded","交通银行H股公告-2022年度报告","https://static.cninfo.com.cn/finalpage/2023-04-26/1216587338.PDF","02_数据集/上市银行年报PDF/601328_交通银行_2022_年度报告.pdf"
"601328","交通银行",2023,"downloaded","交通银行2023年度报告","https://static.cninfo.com.cn/finalpage/2024-03-28/1219427333.PDF","02_数据集/上市银行年报PDF/601328_交通银行_2023_年度报告.pdf"
