code,bank_name,year,pdf_file
000001,平安银行,2014,02_数据集/上市银行年报PDF/000001_平安银行_2014_年度报告.pdf
000001,平安银行,2015,02_数据集/上市银行年报PDF/000001_平安银行_2015_年度报告.pdf
000001,平安银行,2016,02_数据集/上市银行年报PDF/000001_平安银行_2016_年度报告.pdf
600000,浦发银行,2022,02_数据集/上市银行年报PDF/600000_浦发银行_2022_年度报告.pdf
600000,浦发银行,2023,02_数据集/上市银行年报PDF/600000_浦发银行_2023_年度报告.pdf
600016,民生银行,2021,02_数据集/上市银行年报PDF/600016_民生银行_2021_年度报告.pdf
600016,民生银行,2022,02_数据集/上市银行年报PDF/600016_民生银行_2022_年度报告.pdf
600036,招商银行,2020,02_数据集/上市银行年报PDF/600036_招商银行_2020_年度报告.pdf
600036,招商银行,2021,02_数据集/上市银行年报PDF/600036_招商银行_2021_年度报告.pdf
600036,招商银行,2022,02_数据集/上市银行年报PDF/600036_招商银行_2022_年度报告.pdf
600036,招商银行,2023,02_数据集/上市银行年报PDF/600036_招商银行_2023_年度报告.pdf
601288,农业银行,2014,02_数据集/上市银行年报PDF/601288_农业银行_2014_年度报告.pdf
601288,农业银行,2015,02_数据集/上市银行年报PDF/601288_农业银行_2015_年度报告.pdf
601288,农业银行,2016,02_数据集/上市银行年报PDF/601288_农业银行_2016_年度报告.pdf
601288,农业银行,2017,02_数据集/上市银行年报PDF/601288_农业银行_2017_年度报告.pdf
601288,农业银行,2018,02_数据集/上市银行年报PDF/601288_农业银行_2018_年度报告.pdf
601288,农业银行,2019,02_数据集/上市银行年报PDF/601288_农业银行_2019_年度报告.pdf
601288,农业银行,2020,02_数据集/上市银行年报PDF/601288_农业银行_2020_年度报告.pdf
601288,农业银行,2021,02_数据集/上市银行年报PDF/601288_农业银行_2021_年度报告.pdf
601288,农业银行,2022,02_数据集/上市银行年报PDF/601288_农业银行_2022_年度报告.pdf
601288,农业银行,2023,02_数据集/上市银行年报PDF/601288_农业银行_2023_年度报告.pdf
601328,交通银行,2014,02_数据集/上市银行年报PDF/601328_交通银行_2014_年度报告.pdf
601328,交通银行,2015,02_数据集/上市银行年报PDF/601328_交通银行_2015_年度报告.pdf
601328,交通银行,2016,02_数据集/上市银行年报PDF/601328_交通银行_2016_年度报告.pdf
601328,交通银行,2017,02_数据集/上市银行年报PDF/601328_交通银行_2017_年度报告.pdf
601328,交通银行,2018,02_数据集/上市银行年报PDF/601328_交通银行_2018_年度报告.pdf
601328,交通银行,2019,02_数据集/上市银行年报PDF/601328_交通银行_2019_年度报告.pdf
601328,交通银行,2020,02_数据集/上市银行年报PDF/601328_交通银行_2020_年度报告.pdf
601328,交通银行,2021,02_数据集/上市银行年报PDF/601328_交通银行_2021_年度报告.pdf
601328,交通银行,2022,02_数据集/上市银行年报PDF/601328_交通银行_2022_年度报告.pdf
601398,工商银行,2014,02_数据集/上市银行年报PDF/601398_工商银行_2014_年度报告.pdf
601398,工商银行,2015,02_数据集/上市银行年报PDF/601398_工商银行_2015_年度报告.pdf
601398,工商银行,2016,02_数据集/上市银行年报PDF/601398_工商银行_2016_年度报告.pdf
601398,工商银行,2017,02_数据集/上市银行年报PDF/601398_工商银行_2017_年度报告.pdf
601398,工商银行,2019,02_数据集/上市银行年报PDF/601398_工商银行_2019_年度报告.pdf
601398,工商银行,2021,02_数据集/上市银行年报PDF/601398_工商银行_2021_年度报告.pdf
601398,工商银行,2022,02_数据集/上市银行年报PDF/601398_工商银行_2022_年度报告.pdf
601939,建设银行,2014,02_数据集/上市银行年报PDF/601939_建设银行_2014_年度报告.pdf
601939,建设银行,2015,02_数据集/上市银行年报PDF/601939_建设银行_2015_年度报告.pdf
601939,建设银行,2016,02_数据集/上市银行年报PDF/601939_建设银行_2016_年度报告.pdf
601939,建设银行,2017,02_数据集/上市银行年报PDF/601939_建设银行_2017_年度报告.pdf
601939,建设银行,2018,02_数据集/上市银行年报PDF/601939_建设银行_2018_年度报告.pdf
601939,建设银行,2019,02_数据集/上市银行年报PDF/601939_建设银行_2019_年度报告.pdf
601939,建设银行,2020,02_数据集/上市银行年报PDF/601939_建设银行_2020_年度报告.pdf
601939,建设银行,2021,02_数据集/上市银行年报PDF/601939_建设银行_2021_年度报告.pdf
601939,建设银行,2023,02_数据集/上市银行年报PDF/601939_建设银行_2023_年度报告.pdf
601988,中国银行,2014,02_数据集/上市银行年报PDF/601988_中国银行_2014_年度报告.pdf
601988,中国银行,2015,02_数据集/上市银行年报PDF/601988_中国银行_2015_年度报告.pdf
601988,中国银行,2016,02_数据集/上市银行年报PDF/601988_中国银行_2016_年度报告.pdf
601988,中国银行,2017,02_数据集/上市银行年报PDF/601988_中国银行_2017_年度报告.pdf
601988,中国银行,2018,02_数据集/上市银行年报PDF/601988_中国银行_2018_年度报告.pdf
601988,中国银行,2019,02_数据集/上市银行年报PDF/601988_中国银行_2019_年度报告.pdf
601988,中国银行,2020,02_数据集/上市银行年报PDF/601988_中国银行_2020_年度报告.pdf
601988,中国银行,2021,02_数据集/上市银行年报PDF/601988_中国银行_2021_年度报告.pdf
601988,中国银行,2022,02_数据集/上市银行年报PDF/601988_中国银行_2022_年度报告.pdf
