code,bank_name,year,pdf_file,total_assets,total_assets_page,total_assets_evidence,total_loans,total_loans_page,total_loans_evidence,total_deposits,total_deposits_page,total_deposits_evidence,liquidity_ratio,liquidity_ratio_page,liquidity_ratio_evidence,loan_deposit_ratio,loan_deposit_ratio_page,loan_deposit_ratio_evidence,capital_adequacy_ratio,capital_adequacy_ratio_page,capital_adequacy_ratio_evidence,tier1_capital_ratio,tier1_capital_ratio_page,tier1_capital_ratio_evidence,core_tier1_capital_ratio,core_tier1_capital_ratio_page,core_tier1_capital_ratio_evidence,npl_ratio,npl_ratio_page,npl_ratio_evidence,provision_coverage,provision_coverage_page,provision_coverage_evidence,cost_income_ratio,cost_income_ratio_page,cost_income_ratio_evidence,roa,roa_page,roa_evidence,roe,roe_page,roe_evidence,missing_metric_count
000001,平安银行,2014,02_数据集/上市银行年报PDF/000001_平安银行_2014_年度报告.pdf,2186459,21,"资产总额 2,186,459 100.00% 1,891,741 100.00% 15.58%",1024734,21,"贷款总额 1,024,734 100.00% 847,289 100.00% 20.94%",1533183,10,"吸收存款 1,533,183 1,217,002 1,021,108 25.98%",,,,,,,10.86,36,资本充足率 10.86% 9.90%,8.64,36,一级资本充足率 8.64% 8.56%,8.64,36,核心一级资本充足率 8.64% 8.56%,1.02,31,不良贷款率 1.02% 0.89% +0.13 个百分点,200.90,31,拨备覆盖率 200.90% 201.06% -0.16 个百分点,36.33,9,成本收入比（不含营业税） 36.33 40.77 39.41 -4.44 个百分点,0.97,9,平均总资产收益率 0.97 0.87 0.94 +0.10 个百分点,16.35,9,加权平均净资产收益率 16.35 16.57 16.78 -0.22 个百分点,2
000001,平安银行,2015,02_数据集/上市银行年报PDF/000001_平安银行_2015_年度报告.pdf,2507149,7,"资产总额 2,507,149 2,186,459 1,891,741 14.67%",1216138,22,"发放贷款和垫款总额 1,216,138 48.51% 1,024,734 46.86% 18.68%",1733921,25,"吸收存款总额 1,733,921 1,533,183 13.09%",,,,,,,10.94,51,资本充足率 10.94% 10.86% 9.90%,9.03,51,一级资本充足率 9.03% 8.64% 8.56%,9.03,51,核心一级资本充足率 9.03% 8.64% 8.56%,1.45,32,不良贷款率 1.45% 1.02% +0.43 个百分点,165.86,32,拨备覆盖率 165.86% 200.90% -35.04 个百分点,31.31,9,成本收入比（不含营业税） 31.31 36.33 40.77 -5.02 个百分点,0.93,9,平均总资产收益率 0.93 0.97 0.87 -0.04 个百分点,14.94,9,加权平均净资产收益率 14.94 16.35 16.57 -1.41 个百分点,2
000001,平安银行,2016,02_数据集/上市银行年报PDF/000001_平安银行_2016_年度报告.pdf,2953434,7,"资产总额（年末） 2,953,434 2,507,149 2,186,459 17.80%",1475801,19,"发放贷款和垫款总额 1,475,801 49.97% 1,216,138 48.51% 21.35%",1921835,23,"吸收存款总额 1,921,835 1,733,921 10.84%",,,,,,,11.53,44,资本充足率 11.53% 10.94% 10.86%,9.34,44,一级资本充足率 9.34% 9.03% 8.64%,8.36,44,核心一级资本充足率 8.36% 9.03% 8.64%,1.74,29,不良贷款率 1.74% 1.45% +0.29 个百分点,155.37,29,拨备覆盖率 155.37% 165.86% -10.49 个百分点,25.97,9,成本收入比（不含营业税） 25.97 31.31 36.33 -5.34 个百分点,0.83,9,平均总资产收益率 0.83 0.93 0.97 -0.10 个百分点,13.18,9,加权平均净资产收益率 13.18 14.94 16.35 -1.76 个百分点,2
000001,平安银行,2017,02_数据集/上市银行年报PDF/000001_平安银行_2017_年度报告.pdf,3248474,7,"资产总额 3,248,474 2,953,434 2,507,149 9.99%",1704230,13,"发放贷款和垫款总额 1,704,230 100.00 1,475,801 100.00 15.48%",2000420,23,"吸收存款总额 2,000,420 1,921,835 4.09%",52.23,10,流动性比例（本外币） ≥25 52.23 49.48 54.29,,,,11.20,44,资本充足率 11.20% 11.53% 10.94%,9.18,44,一级资本充足率 9.18% 9.34% 9.03%,8.28,44,核心一级资本充足率 8.28% 8.36% 9.03%,1.70,13,不良贷款率 1.70% 1.74% -0.04 个百分点,151.08,28,拨备覆盖率 151.08% 155.37% -4.29 个百分点,29.89,9,成本收入比 29.89 25.97 31.31 +3.92 个百分点,0.75,7,平均总资产收益率 0.75 0.83 0.93 -0.08 个百分点,11.62,7,加权平均净资产收益率 11.62 13.18 14.94 -1.56 个百分点,1
000001,平安银行,2018,02_数据集/上市银行年报PDF/000001_平安银行_2018_年度报告.pdf,3418592,10,"资产总额 3,418,592 3,248,474 2,953,434 5.2%",2003790,28,"发放贷款和垫款总额 2,003,790 58.6% 1,704,230 52.5% 17.6%",2128557,19,"吸收存款本金 2,128,557 100.0 2,000,420 100.0 6.4%",60.86,13,流动性比例（本外币） ≥25 60.86 52.23 49.48,,,,11.50,60,资本充足率 11.50% 11.20% 11.53%,9.39,60,一级资本充足率 9.39% 9.18% 9.34%,8.54,60,核心一级资本充足率 8.54% 8.28% 8.36%,1.75,19,不良贷款率 1.75% 1.70% +0.05 个百分点,155.24,35,拨备覆盖率 155.24% 151.08% +4.16 个百分点,30.32,13,成本收入比 30.32 29.89 25.97 +0.43 个百分点,0.74,11,平均总资产收益率 0.74 0.75 0.83 -0.01 个百分点,11.49,11,加权平均净资产收益率 11.49 11.62 13.18 -0.13 个百分点,1
000001,平安银行,2019,02_数据集/上市银行年报PDF/000001_平安银行_2019_年度报告.pdf,3939070,19,"资产总额 3,939,070 3,418,592 3,248,474 15.2%",2328909,35,"发放贷款和垫款总额 2,328,909 59.1% 2,003,790 58.6% 16.2%",2436935,23,"吸收存款本金 2,436,935 100.0 2,128,557 100.0 14.5%",62.54,22,流动性比例（本外币） ≥25 62.54 60.86 52.23,,,,13.22,73,资本充足率 13.22% 11.50% 11.20%,10.54,73,一级资本充足率 10.54% 9.39% 9.18%,9.11,73,核心一级资本充足率 9.11% 8.54% 8.28%,1.65,24,不良贷款率 1.65% 1.75% -0.10 个百分点,183.12,44,拨备覆盖率 183.12% 155.24% +27.88 个百分点,29.61,22,成本收入比 29.61 30.32 29.89 -0.71 个百分点,0.77,19,平均总资产收益率 0.77 0.74 0.75 +0.03 个百分点,11.30,19,加权平均净资产收益率 11.30 11.49 11.62 -0.19 个百分点,1
000001,平安银行,2020,02_数据集/上市银行年报PDF/000001_平安银行_2020_年度报告.pdf,4468514,20,"资产总额 4,468,514 3,939,070 3,418,592 13.4%",2673662,35,"发放贷款和垫款总额 2,673,662 59.8% 2,328,909 59.1% 14.8%",2673118,20,"吸收存款本金 2,673,118 2,436,935 9.7%",62.05,23,流动性比例（本外币） ≥25 62.05 62.54 60.86,,,,13.29,20,资本充足率 13.29% 13.22% +0.07 个百分点,10.91,24,一级资本充足率 10.91% 10.73% 10.54% 10.54%,8.69,24,核心一级资本充足率 8.69% 8.51% 9.11% 9.11%,1.18,20,不良贷款率 1.18% 1.65% -0.47 个百分点,201.40,20,拨备覆盖率 201.40% 183.12% +18.28 个百分点,29.11,20,成本收入比 29.11% 29.61% -0.50 个百分点,0.69,20,平均总资产收益率 0.69% 0.77% -0.08 个百分点,9.58,20,加权平均净资产收益率 9.58% 11.30% -1.72 个百分点,1
000001,平安银行,2021,02_数据集/上市银行年报PDF/000001_平安银行_2021_年度报告.pdf,4921380,18,"资产总额 4,921,380 4,468,514 3,939,070 10.1%",3074009,33,"发放贷款和垫款总额 3,074,009 62.4% 2,673,662 59.8% 15.0%",2961819,18,"吸收存款本金 2,961,819 2,673,118 10.8%",55.57,21,流动性比例（本外币） ≥25 55.57 62.05 62.54,,,,13.34,18,资本充足率 13.34% 13.29% +0.05 个百分点,10.56,22,一级资本充足率 10.56% 10.36% 10.91% 10.73%,8.60,22,核心一级资本充足率 8.60% 8.40% 8.69% 8.51%,1.02,18,不良贷款率 1.02% 1.18% -0.16 个百分点,288.42,18,拨备覆盖率 288.42% 201.40% +87.02 个百分点,28.30,18,成本收入比 28.30% 29.11% -0.81 个百分点,0.77,18,平均总资产收益率 0.77% 0.69% +0.08 个百分点,10.85,18,加权平均净资产收益率 10.85% 9.58% +1.27 个百分点,1
000001,平安银行,2022,02_数据集/上市银行年报PDF/000001_平安银行_2022_年度报告.pdf,5321514,18,"资产总额 5,321,514 4,921,380 4,468,514 8.1%",3340177,33,"发放贷款和垫款总额 3,340,177 62.8% 3,074,009 62.4% 8.7%",3312684,18,"吸收存款本金 3,312,684 2,961,819 11.8%",55.19,21,流动性比例（本外币） ≥25 55.19 55.57 62.05,,,,13.01,18,资本充足率 13.01% 13.34% -0.33 个百分点,10.40,22,一级资本充足率 10.40% 10.18% 10.56% 10.36%,8.64,22,核心一级资本充足率 8.64% 8.41% 8.60% 8.40%,1.05,18,不良贷款率 1.05% 1.02% +0.03 个百分点,290.28,18,拨备覆盖率 290.28% 288.42% +1.86 个百分点,27.45,18,成本收入比 27.45% 28.30% -0.85 个百分点,0.89,18,平均总资产收益率 0.89% 0.77% +0.12 个百分点,12.36,26,长 6.2%；实现净利润 455.16 亿元，同比增长 25.3%；加权平均净资产收益率（ROE）为 12.36%，同,1
000001,平安银行,2023,02_数据集/上市银行年报PDF/000001_平安银行_2023_年度报告.pdf,5587116,15,"资产总额 5,587,116 5,321,514 4,921,380 5.0%",3417463,30,"发放贷款和垫款总额 3,417,463 61.2% 3,340,177 62.8% 2.3%",3407295,15,"吸收存款本金 3,407,295 3,312,684 2.9%",68.01,18,流动性比例（本外币） ≥25 68.01 55.19 55.57,,,,13.43,15,资本充足率 13.43% 13.01% +0.42 个百分点,10.90,19,一级资本充足率 10.90% 10.65% 10.40% 10.18%,9.22,19,核心一级资本充足率 9.22% 8.97% 8.64% 8.41%,1.06,15,不良贷款率 1.06% 1.05% +0.01 个百分点,277.63,15,拨备覆盖率 277.63% 290.28% -12.65 个百分点,27.90,15,成本收入比 27.90% 27.45% +0.45 个百分点,0.85,15,平均总资产收益率 0.85% 0.89% -0.04 个百分点,11.38,15,加权平均净资产收益率 11.38% 12.36% -0.98 个百分点,1
600000,浦发银行,2014,02_数据集/上市银行年报PDF/600000_浦发银行_2014_年度报告.pdf,2,7,注:1.平均总资产回报率=净利润/资产平均余额，资产平均余额＝(期初资产总额＋期末资产总额)/2；,2028380,30,"贷款总额 2,028,380 1,767,494 1,544,553",64703,19,"吸收存款 64,703 56.84 55,202 59.60",32.93,40,报告期末， 根据监管口径计算的本行全币折人民币流动性比例32.93%，较2013年末上升,71.73,32,整后的人民币存贷比为71.73%，调整后的本外币合计存贷比为71.99%。,11.25,31,资本充足率(%) 11.25 11.33 10.85 10.97,9.05,31,一级资本充足率(%) 9.05 9.13 8.45 8.58,8.52,31,核心一级资本充足率(%) 8.52 8.61 8.45 8.58,1.06,7,不良贷款率 1.06 0.74 上升0.32 个百分点 0.58,,,,23.12,7,成本收入比 23.12 25.83 下降2.71 个百分点 28.71,,,,21.02,6,加权平均净资产收益率 （％） 21.02 21.02 21.53,2
600000,浦发银行,2015,02_数据集/上市银行年报PDF/600000_浦发银行_2015_年度报告.pdf,2,8,注:1.平均总资产回报率=净利润/资产平均余额，资产平均余额＝(期初资产总额＋期末资产总额)/2；,2245518,31,"贷款总额 2,245,518 2,028,380 1,767,494",65012,22,"吸收存款 65,012 56.41 64,703 56.84",33.50,41,报告期末， 根据监管口径计算的公司全币折人民币流动性比例33.50%，较2014年末上升,75,47,存贷比监管模式调整。 《商业银行法修正案 （草案） 》 删除贷存比不得超过75%的规定，,12.23,32,资本充足率(%) 12.23 12.29 11.25 11.33,9.38,32,一级资本充足率(%) 9.38 9.45 9.05 9.13,8.48,32,核心一级资本充足率(%) 8.48 8.56 8.52 8.61,1.56,8,不良贷款率 1.56 1.06 上升 0.50 个百分点 0.74,,,,21.86,8,成本收入比 21.86 23.12 下降 1.26 个百分点 25.83,,,,18.82,7,加权平均净资产收益率（％） 18.82 21.02 下降 2.20 个百分点 21.53,2
600000,浦发银行,2016,02_数据集/上市银行年报PDF/600000_浦发银行_2016_年度报告.pdf,2,7,注：（1）平均总资产收益率=净利润/资产平均余额，资产平均余额=（期初资产总额＋期末资产总额）/2。,2762806,35,"贷款总额 2,762,806 2,245,518 2,028,380",47666,20,"吸收存款 47,666 44.68 65,012 56.41",37.05,48,截至报告期末，根据监管口径计算的公司全币折人民币流动性比例 37.05%，较上年末,,,,11.65,36,资本充足率（%） 11.65 11.37 12.29 12.23,9.30,36,一级资本充足率（%） 9.30 9.02 9.45 9.38,8.53,36,核心一级资本充足率（%） 8.53 8.23 8.56 8.48,1.89,7,不良贷款率 1.89 1.56 上升 0.33 个百分点 1.06,150,33,4、力争年末不良率控制在2%左右，拨备覆盖率保持在150%以上。,23.16,7,成本收入比 23.16 21.86 上升 1.30 个百分点 23.12,0.98,7,平均总资产收益率 0.98 1.10 下降 0.12 个百分点 1.20,16.35,17,率（ROA）0.98%，同比下降0.12 个百分点；加权平均净资产收益率（ROE）16.35%，同比下,1
600000,浦发银行,2017,02_数据集/上市银行年报PDF/600000_浦发银行_2017_年度报告.pdf,2,13,（7）平均总资产回报率=净利润/资产平均余额，资产平均余额＝（期初资产总额＋期末资产总额）/2。,2.84,12,贷款减值准备对贷款总额比率 2.84 3.19 下降 0.35 个百分点 3.30,3071322,24,"客户存款 3,071,322 48,877 1.59 2,955,325 48,820 1.65",57.16,54,截至报告期末，监管口径计算的公司全币折人民币流动性比例 57.16%，比上年末上升,,,,12.02,38,资本充足率（%） 12.02 11.76 11.65 11.37,10.24,38,一级资本充足率（%） 10.24 9.97 9.30 9.02,9.50,38,核心一级资本充足率（%） 9.50 9.21 8.53 8.23,2.14,12,不良贷款率 2.14 1.89 增长 0.25 个百分点 1.56,,,,24.34,12,成本收入比 24.34 23.16 增长 1.18 个百分点 21.78,0.92,21,元，同比增长 2.18 %。2017 年，平均总资产收益率（ROA）为 0.92%，比上年下降了 0.06,14.45,21,个百分点；加权平均净资产收益率（ROE）为 14.45%，比上年下降了 1.90 个百分点。成本,2
600000,浦发银行,2018,02_数据集/上市银行年报PDF/600000_浦发银行_2018_年度报告.pdf,2,13,（5）平均总资产收益率=净利润/资产平均余额，资产平均余额＝（期初资产总额＋期末资产总额）/2。,3549205,28,"贷款总额 3,549,205 56.43 3,194,600 52.05",3168364,24,"客户存款 3,168,364 61,014 1.93 3,071,322 48,877 1.59",55.43,53,截至报告期末，根据监管口径计算的公司全币折人民币流动性比例 55.43%，较上年末,,,,13.67,39,资本充足率（%） 13.67 13.37 12.02 11.76,10.79,39,一级资本充足率（%） 10.79 10.45 10.24 9.97,10.09,39,核心一级资本充足率（%） 10.09 9.73 9.50 9.21,1.92,12,不良贷款率 1.92 2.14 下降 0.22 个百分点 1.89,156.38,40,拨备覆盖率 ≥130 156.38 133.39 168.62,25.12,12,成本收入比 25.12 24.34 上升 0.78 个百分点 23.16,0.91,21,同比增长3.05%。2018 年，平均总资产收益率（ROA）为0.91%，比上年下降了0.01 个百分,13.14,21,点；加权平均净资产收益率（ROE）为 13.14%，比上年下降了 1.31 个百分点。成本收入比,1
600000,浦发银行,2019,02_数据集/上市银行年报PDF/600000_浦发银行_2019_年度报告.pdf,2,11,（6）平均总资产收益率=净利润/资产平均余额，资产平均余额＝（期初资产总额＋期末资产总额）/2。,3972086,24,"贷款总额 3,972,086 56.70 3,549,205 56.43",3543080,20,"客户存款 3,543,080 76,451 2.16 3,168,364 61,014 1.93",51.64,45,截至报告期末，根据监管口径计算的集团口径流动性比例 51.64%，公司口径流动性比例 51.61%，较上年末下降,,,,13.86,33,资本充足率（%） 13.86 13.58 13.67 13.37,11.53,33,一级资本充足率（%） 11.53 11.22 10.79 10.45,10.26,33,核心一级资本充足率（%） 10.26 9.92 10.09 9.73,2.05,11,不良贷款率 2.05 1.92 上升 0.13 个百分点 2.14,133.85,34,拨备覆盖率 ≥130 133.85 156.38 133.39,22.58,10,成本收入比 22.58 24.90 下降 2.32 个百分点 24.34,0.90,18,东的净利润 589.11 亿元， 比上年增加29.97 亿元， 同比增长5.36%。2019 年， 平均总资产收益率 （ROA）为0.90%，,12.29,18,比上年下降了 0.01 个百分点；加权平均净资产收益率（ROE）为 12.29%，比上年下降了 0.85 个百分点。成本收,1
600000,浦发银行,2020,02_数据集/上市银行年报PDF/600000_浦发银行_2020_年度报告.pdf,2,18,（5）平均总资产收益率=净利润/资产平均余额，资产平均余额＝（期初资产总额＋期末资产总额）/2。,4533973,29,"贷款总额 4,533,973 57.03 4,025,901 57.46",3933776,25,"客户存款 3,933,776 82,713 2.10 3,543,080 75,315 2.13",46.03,50,截至报告期末，根据监管口径计算的集团口径流动性比例 46.03%，公司口径流动性比例 45.95%；人民币超额备付率,,,,14.64,38,资本充足率（%） 14.64 14.35 13.86 13.58,11.54,38,一级资本充足率（%） 11.54 11.21 11.53 11.22,9.51,38,核心一级资本充足率（%） 9.51 9.14 10.26 9.92,1.73,20,不良贷款率 1.73%，较上年末下降 0.30 个百分点；不良贷款的准备金覆盖率达 152.77%，比上年末上升 17.83 个百分,150.74,39,拨备覆盖率 ≥130 150.74 133.85 156.38,23.78,17,成本收入比 23.78 22.58 上升 1.20 个百分点 24.90,0.79,17,平均总资产收益率 0.79 0.90 下降 0.11 个百分点 0.91,10.81,20,为 0.79%；加权平均净资产收益率（ROE）为10.81%。成本收入比率为23.78%，比上年上升1.20 个百分点。,1
600000,浦发银行,2021,02_数据集/上市银行年报PDF/600000_浦发银行_2021_年度报告.pdf,2,19,（5）平均总资产收益率=净利润/资产平均余额，资产平均余额＝（期初资产总额＋期末资产总额）/2。,4786040,29,"贷款总额 4,786,040 58.82 4,533,973 57.03",4216453,26,"客户存款 4,216,453 84,867 2.01 3,933,776 82,713 2.10",49.63,53,截至报告期末， 根据监管口径计算的集团口径流动性比例49.63%， 公司口径流动性比例49.45%， 较上年末,,,,14.01,38,资本充足率（%） 14.01 13.72 14.64 14.35,11.29,38,一级资本充足率（%） 11.29 11.00 11.54 11.21,9.40,38,核心一级资本充足率（%） 9.40 9.05 9.51 9.14,1.61,18,不良贷款率 1.61 1.73 下降 0.12 个百分点 2.03,140.66,39,拨备覆盖率 ≥130 140.66 150.74 133.85,26.17,18,成本收入比 26.17 23.78 上升 2.39 个百分点 22.58,0.67,21,公司股东的净利润 530.03 亿元，同比减少 53.22 亿元，下降 9.12%。平均总资产收益率（ROA）为 0.67%；,8.75,21,加权平均净资产收益率（ROE）为8.75%，成本收入比为 26.17%。,1
600000,浦发银行,2022,02_数据集/上市银行年报PDF/600000_浦发银行_2022_年度报告.pdf,2,3,（5） 平均总资产收益率=净利润/资产平均余额，资产平均余额＝（期初资产总额＋期末资产总额）/2。,4900662,12,"贷款总额 4,900,662 56.30 4,786,040 58.82",4610838,9,"客户存款 4,610,838 96,828 2.10 4,216,453 84,867 2.01",,,,,,,13.65,20,资本充足率（%） 13.65 13.31 14.01 13.72,10.98,20,一级资本充足率（%） 10.98 10.63 11.29 11.00,9.19,20,核心一级资本充足率（%） 9.19 8.79 9.40 9.05,1.52,2,不良贷款率 1.52 1.61 下降 0.09 个百分点 1.73,155.28,21,拨备覆盖率 ≥130 155.28 140.66 150.74,27.89,2,成本收入比 27.89 26.17 上升 1.72 个百分点 23.78,0.62,7,东的净利润 511.71 亿元，同比减少 18.32 亿元，下降3.46%。平均总资产收益率（ROA）为0.62%；加权平,7.98,2,加权平均净资产收益率 7.98 8.75 下降 0.77 个百分点 10.81,2
600000,浦发银行,2023,02_数据集/上市银行年报PDF/600000_浦发银行_2023_年度报告.pdf,2,15,（5） 平均总资产收益率=净利润/资产平均余额，资产平均余额＝（期初资产总额＋期末资产总额）/2。,5017754,27,"贷款总额 5,017,754 55.71 4,900,662 56.30",4884236,23,"客户存款 4,884,236 105,378 2.16 4,610,838 96,828 2.10",,,,,,,12.67,37,资本充足率（%） 12.67 12.25 13.65 13.31,10.63,37,一级资本充足率（%） 10.63 10.22 10.98 10.63,8.97,37,核心一级资本充足率（%） 8.97 8.51 9.19 8.79,1.48,14,不良贷款率 1.48 1.52 下降 0.04 个百分点 1.61,170.19,38,拨备覆盖率 ≥130 170.19 155.28 140.66,29.65,14,成本收入比 29.65 27.89 上升 1.76 个百分点 26.17,0.42,14,平均总资产收益率 0.42 0.62 下降 0.20 个百分点 0.67,5.21,14,加权平均净资产收益率 5.21 7.98 下降 2.77 个百分点 8.75,2
600016,民生银行,2014,02_数据集/上市银行年报PDF/600016_民生银行_2014_年度报告.pdf,4015136,17,"资产总额 4,015,136 3,226,210 24.45 3,212,001",1812666,17,"发放贷款和垫款总额 1,812,666 1,574,263 15.14 1,384,610",24338.10,30,"截至报告期末，本集团吸收存款总额为24,338.10亿元，比上年末增加2,871.21亿元，增",36.00,18,流动性比例 汇总人民币 ≥25 36.00 29.31 36.01,75,18,存贷比 汇总人民币 ≤75 69.88 73.39 71.93,10.69,37,资本充足率（%） 10.69 10.64,8.59,37,一级资本充足率（%） 8.59 8.54,8.58,37,核心一级资本充足率（%） 8.58 8.54,0.38,46,不良贷款率 0.38%；实现非利息净收入 15.09 亿元。,182.20,17,拨备覆盖率 182.20 259.74 -77.54 314.53,33.27,16,成本收入比 33.27 32.75 0.52 34.01,1.26,16,平均总资产收益率 1.26 1.34 -0.08 1.41,20.41,16,加权平均净资产收益率 20.41 23.23 -2.82 25.24,0
600016,民生银行,2015,02_数据集/上市银行年报PDF/600016_民生银行_2015_年度报告.pdf,4520688,14,"资产总额 4,520,688 4,015,136 12.59 3,226,210",2048048,14,"发放贷款和垫款总额 2,048,048 1,812,666 12.99 1,574,263",27322.62,17,"额42,109.05亿元，比上年末增加4,435.25亿元，增幅11.77%；其中吸收存款总额27,322.62亿",44.72,15,流动性比例 汇总人民币 ≥25 44.72 36.00 29.31,75,15,存贷比 汇总人民币 ≤75 71.00 69.88 73.39,11.49,36,资本充足率（%） 11.49 11.50,9.19,36,一级资本充足率（%） 9.19 9.14,9.17,36,核心一级资本充足率（%） 9.17 9.14,1.60,14,不良贷款率 1.60 1.17 0.43 0.85,153.63,14,拨备覆盖率 153.63 182.20 -28.57 259.74,31.22,18,成本收入比为31.22%，比上年同期下降2.05个百分点。,1.10,13,平均总资产收益率 1.10 1.26 -0.16 1.34,16.98,13,加权平均净资产收益率 16.98 20.41 -3.43 23.23,0
600016,民生银行,2016,02_数据集/上市银行年报PDF/600016_民生银行_2016_年度报告.pdf,58958.77,18,"报告期内，本集团总资产规模持续增长。截至报告期末，本集团资产总额 58,958.77 亿",2461586,14,"发放贷款和垫款总额 2,461,586 2,048,048 20.19 1,812,666",30822.42,18,"上年末增长 4,135.38 亿元， 增幅20.19%； 吸收存款总额30,822.42 亿元， 比上年末增长3,499.80",39.64,15,流动性比例 汇总人民币 ≥25 39.64 44.72 36.00,,,,11.73,38,资本充足率（%） 11.73 11.71,9.22,38,一级资本充足率（%） 9.22 9.17,8.95,38,核心一级资本充足率（%） 8.95 8.90,1.68,14,不良贷款率 1.68 1.60 0.08 1.17,155.41,14,拨备覆盖率 155.41 153.63 1.78 182.20,30.98,13,成本收入比 30.98 31.22 -0.24 33.27,0.94,13,平均总资产收益率 0.94 1.10 -0.16 1.26,15.13,13,加权平均净资产收益率 15.13 16.98 -1.85 20.41,1
600016,民生银行,2017,02_数据集/上市银行年报PDF/600016_民生银行_2017_年度报告.pdf,5902086,18,"资产总额 5,902,086 5,895,877 0.11 4,520,688",2804307,18,"发放贷款和垫款总额 2,804,307 2,461,586 13.92 2,048,048",29663.11,22,"债总额55,122.74亿元， 比上年末下降315.76亿元， 降幅0.57%； 其中，吸收存款总额29,663.11",39.80,19,流动性比例 汇总人民币 ≥25 39.80 39.64 44.72,,,,11.85,41,资本充足率（%） 11.85 11.84,8.88,41,一级资本充足率（%） 8.88 8.82,8.63,41,核心一级资本充足率（%） 8.63 8.59,1.71,23,不良贷款率1.71%，比上年末上升0.03个百分点；拨备覆盖率155.61%，比上年末上升0.20个,155.61,18,拨备覆盖率 155.61 155.41 0.20 153.63,31.72,17,成本收入比 31.72 30.99 0.73 31.22,0.86,17,平均总资产收益率 0.86 0.94 -0.08 1.10,14.03,17,加权平均净资产收益率 14.03 15.13 -1.10 16.98,1
600016,民生银行,2018,02_数据集/上市银行年报PDF/600016_民生银行_2018_年度报告.pdf,5994822,20,"资产总额 5,994,822 5,902,086 1.57 5,895,877",3056746,20,"发放贷款和垫款总额 3,056,746 2,804,307 9.00 2,461,586",3167292,20,"吸收存款总额 3,167,292 2,966,311 6.78 3,082,242",51.64,21,流动性比例 汇总人民币 ≥25 51.64 39.80 39.64,,,,11.75,44,资本充足率（%） 11.75 11.71,9.16,44,一级资本充足率（%） 9.16 9.09,8.93,44,核心一级资本充足率（%） 8.93 8.87,1.76,26,不良贷款率1.76%， 比上年末上升0.05个百分点； 拨备覆盖率134.05%， 比上年末下降21.56个,134.05,20,拨备覆盖率 134.05 155.61 -21.56 155.41,30.07,19,成本收入比 30.07 31.72 -1.65 30.99,0.85,19,平均总资产收益率 0.85 0.86 -0.01 0.94,12.94,19,加权平均净资产收益率 12.94 14.03 -1.09 15.13,1
600016,民生银行,2019,02_数据集/上市银行年报PDF/600016_民生银行_2019_年度报告.pdf,6681841,21,"资产总额 6,681,841 5,994,822 11.46 5,902,086",3487601,21,"发放贷款和垫款总额 3,487,601 3,056,746 14.10 2,804,307",3604088,21,"吸收存款总额 3,604,088 3,167,292 13.79 2,966,311",54.06,22,流动性比例 汇总人民币 ≥25 54.06 51.64 39.80,,,,13.17,46,资本充足率（%） 13.17 13.27,10.28,46,一级资本充足率（%） 10.28 10.32,8.89,46,核心一级资本充足率（%） 8.89 8.89,1.56,28,不良贷款率 1.56%，比上年末下降 0.20 个百分点；拨备覆盖率 155.50%，比上年末提高 21.45,155.50,21,拨备覆盖率 155.50 134.05 21.45 155.61,26.74,20,成本收入比 26.74 30.07 -3.33 31.72,0.87,20,平均总资产收益率 0.87 0.85 0.02 0.86,12.40,20,加权平均净资产收益率 12.40 12.94 -0.54 14.03,1
600016,民生银行,2020,02_数据集/上市银行年报PDF/600016_民生银行_2020_年度报告.pdf,6950233,20,"资产总额 6,950,233 6,681,841 4.02 5,994,822",3853931,20,"发放贷款和垫款总额 3,853,931 3,487,601 10.50 3,056,746",3728174,20,"吸收存款总额 3,728,174 3,604,088 3.44 3,167,292",49.72,22,流动性比例（汇总人民币） ≥25 49.72 54.06 51.64,,,,13.04,20,资本充足率（%） 13.04 13.17 -0.13 11.75,9.81,20,一级资本充足率（%） 9.81 10.28 -0.47 9.16,8.51,20,核心一级资本充足率（%） 8.51 8.89 -0.38 8.93,1.82,26,不良贷款率 1.82%，比上年末上升 0.26 个百分点；逾期 90 天以上贷款 517.50 亿元，占比,139.38,20,拨备覆盖率 139.38 155.50 -16.12 134.05,26.19,19,成本收入比 26.19 26.74 -0.55 30.07,0.51,19,平均总资产收益率 0.51 0.87 -0.36 0.85,6.81,19,加权平均净资产收益率 6.81 12.40 -5.59 12.94,1
600016,民生银行,2021,02_数据集/上市银行年报PDF/600016_民生银行_2021_年度报告.pdf,,,,,,,,,,,,,,,,,,,,,,,,,,,,,,,,,,,,,,,,13
600016,民生银行,2022,02_数据集/上市银行年报PDF/600016_民生银行_2022_年度报告.pdf,,,,,,,,,,,,,,,,,,,,,,,,,,,,,,,,,,,,,,,,13
600016,民生银行,2023,02_数据集/上市银行年报PDF/600016_民生银行_2023_年度报告.pdf,7674965,20,"资产总额 7,674,965 7,255,673 5.78 6,952,786",789.12,43,截至报告期末，本集团前十大贷款客户的贷款总额合计为 789.12 亿元，占发放贷款和垫款总额的 1.80%，占资,4283003,20,"吸收存款总额 4,283,003 3,993,527 7.25 3,775,761",66.63,22,流动性比例 （本外币） ≥25 66.63 51.30 47.06,,,,13.14,20,资本充足率 (%) 13.14 13.14 – 13.64,10.95,20,一级资本充足率 (%) 10.95 10.91 0.04 10.73,9.28,20,核心一级资本充足率 (%) 9.28 9.17 0.11 9.04,1.48,20,不良贷款率 1.48 1.68 -0.20 1.79,149.69,20,拨备覆盖率 149.69 142.49 7.20 145.30,36.10,19,成本收入比 36.10 35.61 0.49 29.17,0.48,19,平均总资产收益率 0.48 0.50 -0.02 0.50,6.10,19,加权平均净资产收益率 6.10 6.31 -0.21 6.59,1
600036,招商银行,2014,02_数据集/上市银行年报PDF/600036_招商银行_2014_年度报告.pdf,4731829,28,"资产总额 4,731,829 100.00 4,016,399 100.00",2513919,11,"贷款和垫款总额 2,513,919 2,197,094 14.42 1,904,463",3304438,11,"客户存款总额 3,304,438 2,775,276 19.07 2,532,444",59.38,12,流动性比例 人民币 ≥25 59.38 59.64 52.29,63.47,70,贷存比率为 63.47%，较2013 年底下降 2.72 个百分点。2014 年下半年永隆集团发行了面值美元 2.60,11.74,12,资本充足率 11.74 11.14 增加 0.60 个百分点,9.60,12,一级资本充足率 9.60 9.27 增加 0.33 个百分点,10.44,46,6.核心一级资本充足率 10.44%,1.11,16,不良贷款率1.11%，不良贷款拨备覆盖率233.42%。,233.42,16,不良贷款率1.11%，不良贷款拨备覆盖率233.42%。,3,12,成本收入比(3) 30.54 34.36 减少 3.82 个百分点 35.99,19.28,14,东的平均净资产收益率（ROAE）和平均总资产收益率（ROAA）分别为19.28%和1.28% ；非利息,19.28,14,东的平均净资产收益率（ROAE）和平均总资产收益率（ROAA）分别为19.28%和1.28% ；非利息,0
600036,招商银行,2015,02_数据集/上市银行年报PDF/600036_招商银行_2015_年度报告.pdf,5474978,28,"资产总额 5,474,978 100.00 4,731,829 100.00",2824286,11,"贷款和垫款总额 2,824,286 2,513,919 12.35 2,197,094",3571698,11,"客户存款总额 3,571,698 3,304,438 8.09 2,775,276",65.67,13,流动性比例 人民币 ≥25 65.67 59.38 59.64,64.42,72,贷存比率为 64.42%，较 2014 年底增长 0.95 个百分点。于 2015 年 12 月 31 日，永隆集团总资本比,11.91,12,资本充足率 11.91 11.74 增加 0.17 个百分点,9.93,46,一级资本充足率 9.93 %，比年初上升 0.33 个百分点。,10.83,45,6.核心一级资本充足率 10.83% 10.44% 上升 0.39 个百分点,1.68,12,不良贷款率 1.68 1.11 增加 0.57 个百分点 0.83,178.95,16,良贷款率 1.68%，不良贷款拨备覆盖率 178.95%，贷款拨备率 3.00%。,3,12,成本收入比(3) 27.67 30.54 减少 2.87 个百分点 34.36,17.09,14,平均净资产收益率（ROAE）和平均总资产收益率（ROAA）分别为 17.09%和 1.13%。在存款利率,17.09,14,平均净资产收益率（ROAE）和平均总资产收益率（ROAA）分别为 17.09%和 1.13%。在存款利率,0
600036,招商银行,2016,02_数据集/上市银行年报PDF/600036_招商银行_2016_年度报告.pdf,5942311,27,"资产总额 5,942,311 100.00 5,474,978 100.00",3261681,11,"贷款和垫款总额 3,261,681 2,824,286 15.49 2,513,919",3802049,11,"客户存款总额 3,802,049 3,571,698 6.45 3,304,438",59.42,13,流动性比例 人民币 ≥25 59.42 65.67 59.38,73.01,69,贷存比率为 73.01%，较 2015 年底增长 8.59 个百分点。于 2016 年 12 月 31 日，永隆集团普通股权,12.00,12,资本充足率 12.00 11.91 增加 0.09 个百分点,10.09,41,一级资本充足率 10.09%，较上年末上升 0.16 个百分点。,11.54,39,6.核心一级资本充足率 11.54% 10.83% 上升 0.71 个百分点,1.87,12,不良贷款率 1.87 1.68 增加 0.19 个百分点 1.11,179.03,50,拨备覆盖率为179.03%，比上年末上升1.94个百分点；信用成本为2.27%，较上年末下降0.08个百分,3,12,成本收入比(3) 28.01 27.67 增加 0.34 个百分点 30.54,1.09,16,行股东的平均总资产收益率（ROAA）和平均净资产收益率（ROAE）分别为 1.09%和 16.27%，均,1.09,16,行股东的平均总资产收益率（ROAA）和平均净资产收益率（ROAE）分别为 1.09%和 16.27%，均,0
600036,招商银行,2017,02_数据集/上市银行年报PDF/600036_招商银行_2017_年度报告.pdf,6297638,28,"资产总额 6,297,638 100.00 5,942,311 100.00",14283.50,60,"截至报告期末， 本公司公司贷款总额14,283.50 亿元， 较上年末增长6.41%， 占贷款和垫款总额",4064345,16,"客户存款总额 4,064,345 3,802,049 6.90 3,571,698",40.68,18,流动性比例 人民币 ≥25 40.68 59.42 65.67,,,,15.48,17,资本充足率 15.48 13.33 增加 2.15 个百分点,10.81,42,一级资本充足率 10.81%，较上年末上升 0.72 个百分点。,12.06,40,6.核心一级资本充足率 12.06% 11.54% 上升 0.52 个百分点,1.61,17,不良贷款率 1.61 1.87 减少 0.26 个百分点 1.68,262.11,19,年末减少37.28亿元；不良贷款率1.61%，较上年末下降0.26个百分点；不良贷款拨备覆盖率262.11%，,6,16,"成本收入比已同口径调整，对本集团利润总额和净利润无影响。2016 年“营业收入”重述前为 2,090.25 亿元，重述",16.54,5,归属于本行普通股股东的平均净资产收益率（ROAE）达到 16.54%，同比上升 0.27 个百分点，实现,16.54,15,平均净资产收益率 16.54 16.27 增加,1
600036,招商银行,2018,02_数据集/上市银行年报PDF/600036_招商银行_2018_年度报告.pdf,6745729,28,"资产总额 6,745,729 100.00 6,297,638 100.00",3941844,28,"贷款和垫款总额 3,941,844 58.43 3,565,044 56.61",44006.74,19,"客户存款总额44,006.74亿元，较上年末增长8.28%。",44.94,18,流动性比例 人民币 ≥25 44.94 40.68 59.42,68.59,70,"总贷款（包括商业票据）港币1,624.66 亿元，客户存款港币 2,213.29 亿元，贷存比率 68.59%，不良",15.68,40,资本充足率 15.68% 15.48% 上升 0.20 个百分点,12.62,40,一级资本充足率 12.62% 13.02% 下降 0.40 个百分点,11.78,40,核心一级资本充足率 11.78% 12.06% 下降 0.28 个百分点,1.36,17,不良贷款率 1.36 1.61 减少 0.25 个百分点 1.87,358.18,19,年末减少37.88亿元；不良贷款率1.36%，较上年末下降0.25个百分点；不良贷款拨备覆盖率358.18%，,31.02,27,其他一般及行政费用同比增长18.58%；成本收入比31.02%，同比上升0.79个百分点。业务及管理费,1.24,19,普通股股东的平均净资产收益率 （ROAE） 分别为1.24%和16.57%，同比分别提高0.09和0.03个百分点。,16.57,15,平均净资产收益率 16.57 16.54 增加,0
600036,招商银行,2019,02_数据集/上市银行年报PDF/600036_招商银行_2019_年度报告.pdf,7417240,26,"资产总额 7,417,240 100.00 6,745,729 100.00",23279.55,55,"截至报告期末，本公司零售贷款总额23,279.55亿元，较上年末增长17.12%，占本公司贷款和垫款总额",4844422,30,"客户存款总额 4,844,422 100.00 4,400,674 100.00",51.18,18,流动性比例 人民币 ≥25 51.18 44.94 40.68,70.20,66,"括商业票据）港币1,851.56亿元，客户存款港币2,431.36亿元，贷存比率70.20%，不良贷款率（包括商",15.54,37,资本充足率 15.54% 15.68% 下降0.14个百分点,12.69,37,一级资本充足率 12.69% 12.62% 上升0.07个百分点,11.95,37,核心一级资本充足率 11.95% 11.78% 上升0.17个百分点,1.16,17,不良贷款率 1.16 1.36 减少0.20个百分点 1.61,426.78,19,不良贷款拨备覆盖率 426.78%，较上年末提高68.60个百分点；贷款拨备率4.97%，较上年末提高0.09,32.09,25,般及行政费用同比增长14.18%；成本收入比32.09%，同比上升1.07个百分点。业务及管理费增长主要,1.31,15,归属于本行股东的平均总资产收益率 1.31 1.24 增加0.07个百分点 1.15,16.71,15,加权平均净资产收益率 16.71 16.48 增加0.23个百分点 16.45,0
600036,招商银行,2020,02_数据集/上市银行年报PDF/600036_招商银行_2020_年度报告.pdf,,,,,,,,,,,,,,,,,,,,,,,,,,,,,,,,,,15,5,"2,904.82 ၡჭđ๝бᄹӉ 7.70%ሧӁ൬ၭੱ (ROAE)15 .73% Ġ ҂ਅվॻੱ1.07%đ",,,,12
600036,招商银行,2021,02_数据集/上市银行年报PDF/600036_招商银行_2021_年度报告.pdf,,,,,,,,,,,,,,,,,,,,,,,,,,,,,,,,,,1.36,8,ROAE ิശᇀ1.36%a 16.96%߭1%৘ၿ,,,,12
600036,招商银行,2022,02_数据集/上市银行年报PDF/600036_招商银行_2022_年度报告.pdf,,,,,,,,,,,,,,,,,,,,,,,,,,,,,,,,,,17.06,5,ሧӁ൬ၭੱ (ROAE) ӻ࿃ิശᇀ 17.06%໊đ҂ਅվॻੱ,,,,12
600036,招商银行,2023,02_数据集/上市银行年报PDF/600036_招商银行_2023_年度报告.pdf,,,,,,,,,,,,,,,,,,,,,,,,,,,,,,,,,,16,5,ሧӁ൬ၭੱ (ROAE) Ќӻᄝ 16%ള෿,,,,12
601166,兴业银行,2014,02_数据集/上市银行年报PDF/601166_兴业银行_2014_年度报告.pdf,1.18,11,总资产收益率(%) 1.18 1.20 下降0.02 个百分点 1.23,1593148,13,"贷款总额 1,593,148 1,357,057 1,229,165",2267780,12,"存款总额 2,267,780 2,170,345 1,813,266",41.59,14,流动性比例（折人民币） ≥25 41.59 35.79 29.47,75,64,存贷比（本外币） ≤75 - ≤75 64.76 61.95,11.29,13,资本充足率(%) 11.29 10.83 不适用,8.89,13,一级资本充足率(%) 8.89 8.68 不适用,8.05,38,核心一级资本充足率(并表前)(%) 8.05 8.39,1.10,11,不良贷款率(%) 1.10 0.76 上升0.34 个百分点 0.43,250.21,12,拨备覆盖率(%) 250.21 352.10 下降101.89 个百分点 465.82,23.78,11,成本收入比(%) 23.78 26.71 下降2.93 个百分点 26.73,1.18,5,事会下达的年度计划约4个百分点。加权平均总资产收益率（ROA）为1.18%，加权平均,21.21,11,加权平均净资产收益率(%) 21.21 22.39 下降1.18 个百分点 26.65,0
601166,兴业银行,2015,02_数据集/上市银行年报PDF/601166_兴业银行_2015_年度报告.pdf,1.04,11,总资产收益率(%) 1.04 1.18 下降0.14个百分点 1.20,1779408,13,"贷款总额 1,779,408 1,59 3,148 1,357,057",2483923,13,"存款总额 2,483,923 2,267 ,780 2,170,345",56.80,14,流动性比例（折人民币） ≥25 56.80 41.59 35.79,75,67,存贷比（本外币） ≤75 - - 67.62 64.76,11.19,13,资本充足率(%) 11.19 11.29 10.83,9.19,13,一级资本充足率(%) 9.19 8.89 8.68,8.43,13,核心一级资本充足率(%) 8.43 8.45 8.68,1.46,12,不良贷款率(%) 1.46 1.10 上升0.36个百分点 0.76,210.08,12,拨备覆盖率(%) 210.08 250.21 下降 40.13个百分点 352.10,21.59,11,成本收入比(%) 21.59 23.78 下降2.19个百分点 26.71,1.04,11,总资产收益率(%) 1.04 1.18 下降0.14个百分点 1.20,18.89,11,加权平均净资产收益率(%) 18.89 21.21 下降2.32个百分点 22.39,0
601166,兴业银行,2016,02_数据集/上市银行年报PDF/601166_兴业银行_2016_年度报告.pdf,0.95,11,总资产收益率(%) 0.95 1.04 下降0.09个百分点 1.18,2079814,13,"贷款总额 2,079,814 1,77 9,408 1,593,148",2694751,13,"存款总额 2,694,751 2,483 ,923 2,267,780",59.35,14,流动性比例（折人民币） ≥25 59.35 56.80 41.59,,,,12.02,13,资本充足率(%) 12.02 11.19 11.29,9.23,13,一级资本充足率(%) 9.23 9.19 8.89,8.55,13,核心一级资本充足率(%) 8.55 8.43 8.45,1.65,12,不良贷款率(%) 1.65 1.46 上升0.19个百分点 1.10,210.51,12,拨备覆盖率(%) 210.51 210.08 上升 0.43 个百分点 250.21,23.39,11,成本收入比(%) 23.39 21.59 上升1.80个百分点 23.78,0.95,11,总资产收益率(%) 0.95 1.04 下降0.09个百分点 1.18,32.75,46,产质量良好，加权平均净资产收益率（ROE）为 32.75%。自成立以来，兴业消费金融累,1
601166,兴业银行,2017,02_数据集/上市银行年报PDF/601166_兴业银行_2017_年度报告.pdf,0.92,11,总资产收益率(%) 0.92 0.95 下降 0.03 个百分点 1.04,2430695,13,"贷款总额 2,430,695 2,079,814 1,779,408",3086893,13,"存款总额 3,086,893 2,694,751 2,483,923",60.83,14,流动性比例（折人民币） ≥25 60.83 59.35 56.80,,,,12.19,14,资本充足率(%) 12.19 12.02 11.19,9.67,14,一级资本充足率(%) 9.67 9.23 9.19,9.07,14,核心一级资本充足率(%) 9.07 8.55 8.43,1.59,12,不良贷款率(%) 1.59 1.65 下降0.06 个百分点 1.46,211.78,12,拨备覆盖率(%) 211.78 210.51 上升 1.27 个百分点 210.08,27.63,11,成本收入比(%) 27.63 23.39 上升 4.24 个百分点 21.59,0.92,11,总资产收益率(%) 0.92 0.95 下降 0.03 个百分点 1.04,15.35,7,司净利润572 亿元， 同比增长6.22%， 加权平均净资产收益率15.35%， 盈利能力名列前,1
601166,兴业银行,2018,02_数据集/上市银行年报PDF/601166_兴业银行_2018_年度报告.pdf,0.93,11,总资产收益率(%) 0.93 0.92 提高 0.01 个百分点 0.95,2934082,13,"贷款总额 2,934,082 2,430,695 2,079,814",3303512,13,"存款总额 3,303,512 3,086,893 2,694,751",66.52,14,流动性比例（折人民币） ≥25 66.52 60.83 59.35,,,,12.20,13,资本充足率(%) 12.20 12.19 12.02,9.85,13,一级资本充足率(%) 9.85 9.67 9.23,9.30,13,核心一级资本充足率(%) 9.30 9.07 8.55,1.57,12,不良贷款率(%) 1.57 1.59 下降0.02 个百分点 1.65,207.28,12,拨备覆盖率(%) 207.28 211.78 下降4.50 个百分点 210.51,26.89,11,成本收入比(%) 26.89 27.63 下降 0.74 个百分点 23.39,0.93,11,总资产收益率(%) 0.93 0.92 提高 0.01 个百分点 0.95,,,,2
601166,兴业银行,2019,02_数据集/上市银行年报PDF/601166_兴业银行_2019_年度报告.pdf,0.96,9,总资产收益率(%) 0.96 0.93 提高 0.03 个百分点 0.92,3441451,11,"贷款总额 3,441,451 2,934,082 2,430,695",3759063,11,"存款总额 3,759,063 3,303,512 3,086,893",75.07,12,流动性比例（折人民币） ≥25 75.07 66.52 60.83,,,,13.36,12,资本充足率(%) 13.36 12.20 12.19,10.56,12,一级资本充足率(%) 10.56 9.85 9.67,9.47,12,核心一级资本充足率(%) 9.47 9.30 9.07,1.54,10,不良贷款率(%) 1.54 1.57,199.13,10,拨备覆盖率(%) 199.13 207.28,26.03,9,成本收入比(%) 26.03 26.89 下降 0.86 个百分点 27.63,0.96,9,总资产收益率(%) 0.96 0.93 提高 0.03 个百分点 0.92,14.02,18,母公司股东的净利润658.68 亿元，同比增长 8.66%。加权平均净资产收益率 14.02%，,1
601166,兴业银行,2020,02_数据集/上市银行年报PDF/601166_兴业银行_2020_年度报告.pdf,0.90,9,总资产收益率(%) 0.90 0.96 下降 0.06 个百分点 0.93,5242.23,19,"资金支持， 实现全年贷款业务平稳增长。 公司发放贷款和垫款总额新增5,242.23 亿元，",4042894,10,"存款总额 4,042,894 3,759,063 3,303,512",67.39,11,流动性比例（折人民币） ≥25 67.39 75.07 66.52,,,,13.47,11,资本充足率(%) 13.47 13.36 12.20,10.85,11,一级资本充足率(%) 10.85 10.56 9.85,9.33,11,核心一级资本充足率(%) 9.33 9.47 9.30,1.25,9,不良贷款率(%) 1.25 1.54 下降 0.29 个百分点 1.57,218.83,9,拨备覆盖率(%) 218.83 199.13 提高 19.70 个百分点 207.28,24.16,9,成本收入比(%) 24.16 26.03 下降 1.87 个百分点 26.89,0.90,9,总资产收益率(%) 0.90 0.96 下降 0.06 个百分点 0.93,,,,2
601166,兴业银行,2021,02_数据集/上市银行年报PDF/601166_兴业银行_2021_年度报告.pdf,1.02,13,总资产收益率 (%) 1.02 0.90 上升 0.12 个百分点 0.96,4428183,15,"贷款总额 4,428,183 3,965,674 3,441,451",4311041,15,"存款总额 4,311,041 4,042,894 3,759,063",56.26,16,流动性比例 (折人民币 ) ≥25 56.26 67.39 75.07,,,,14.39,15,资本充足率 (%) 14.39 14.10 13.47 13.20 13.36 13.10,11.22,15,一级资本充足率 (%) 11.22 10.83 10.85 10.54 10.56 10.24,9.81,15,核心一级资本充足率 (%) 9.81 9.35 9.33 8.95 9.47 9.09,1.10,13,不良贷款率 (%) 1.10 1.25 下降 0.15 个百分点 1.54,268.73,13,拨备覆盖率 (%) 268.73 218.83 提高 49.90个百分点 199.13,25.68,13,成本收入比 (%) 25.68 24.16 上升 1.52 个百分点 26.03,1.02,13,总资产收益率 (%) 1.02 0.90 上升 0.12 个百分点 0.96,13.94,13,加权平均净资产收益率 (%) 13.94 12.62 上升 1.32 个百分点 14.02,1
601166,兴业银行,2022,02_数据集/上市银行年报PDF/601166_兴业银行_2022_年度报告.pdf,2198.42,35,"亿元，较上年末增长 12.53%；公司境外分支机构资产总额2,198.42 亿元，占总资产的",4982887,15,"贷款总额 4,982,887 4,428,183 3,965,674",4736982,15,"存款总额 4,736,982 4,311,041 4,042,894",64.45,16,流动性比例（折人民币） ≥25 64.45 56.26 67.39,,,,14.44,15,资本充足率(%) 14.44 14.13 14.39 14.10 13.47 13.20,11.08,15,一级资本充足率(%) 11.08 10.67 11.22 10.83 10.85 10.54,9.81,58,核心一级资本充足率(%) 9.81 9.34 9.81 9.35,1.09,14,不良贷款率(%) 1.09 1.10 下降0.01 个,236.44,14,拨备覆盖率(%) 236.44 268.73 下降32.29 个,29.37,13,成本收入比(%) 29.37 25.68 上升 3.69 个百分点 24.16,1.03,13,总资产收益率(%) 1.03 1.02 上升 0.01 个百分点 0.90,13.85,35,亿元， 同比增长 10.52%；加权平均净资产收益率 13.85%， 同比下降 0.09 个百分点；总,1
601166,兴业银行,2023,02_数据集/上市银行年报PDF/601166_兴业银行_2023_年度报告.pdf,2142.41,61,"亿元，较上年末增长 9.59%；公司境外分支机构资产总额 2,142.41 亿元，占总资产的",5460935,15,"贷款总额 5,460,935 4,982,887 4,428,183",5137073,15,"存款总额 5,137,073 4,736,982 4,311,041",54.82,16,流动性比例（本外币合计） ≥25 54.82 64.45 56.26,,,,14.13,15,资本充足率(%) 14.13 13.81 14.44 14.13 14.39 14.10,10.93,15,一级资本充足率(%) 10.93 10.52 11.08 10.67 11.22 10.83,14.13,5,核心一级资本充足率保持在 14.13%、9.76%水平，实现规模增长、效益稳定与资本管理,1.07,14,不良贷款率(%) 1.07 1.09 下降0.02 个百分点 1.10,245.21,14,拨备覆盖率(%) 245.21 236.44 上升8.77 个百分点 268.73,29.97,13,成本收入比(%) 29.97 29.37 上升 0.60 个百分点 25.68,0.80,13,总资产收益率(%) 0.80 1.03 下降 0.23 个百分点 1.02,10.64,61,亿元， 同比下降 15.61%； 加权平均净资产收益率10.64%， 同比下降 3.21 个百分点；总,1
601288,农业银行,2014,02_数据集/上市银行年报PDF/601288_农业银行_2014_年度报告.pdf,15974152,10,"资产总额 15,974,152 14,562,102 13,244,342",8098067,10,"发放贷款和垫款总额 8,098,067 7,224,713 6,433,399",11997284,25,"吸收存款总额 11,997,284 221,706 1.85 11,170,828 194,903 1.74",,,,57.40,12,2014 年 12 月 31 日的人民币存贷比为 57.40%。,1,11,资本充足率 1 12.82 11.86 12.61,1,11,一级资本充足率 1 9.46 9.25 不适用,1,11,核心一级资本充足率 1 9.09 9.25 不适用,8,11,不良贷款率 8 1.54 1.22 1.33,9,11,拨备覆盖率 9 286.53 367.04 326.14,7,11,成本收入比 7 34.56 36.30 36.76,,,,3,11,加权平均净资产收益率 3 19.57 20.89 20.74,2
601288,农业银行,2015,02_数据集/上市银行年报PDF/601288_农业银行_2015_年度报告.pdf,17791393,9,"资产总额 17,791,393 15,974,152 14,562,102",8909918,9,"发放贷款和垫款总额 8,909,918 8,098,067 7,224,713",12865645,24,"吸收存款总额 12,865,645 233,377 1.81 11,997,284 221,706 1.85",,,,,,,1,10,资本充足率 1 13.40 12.82 11.86,1,10,一级资本充足率 1 10.96 9.46 9.25,1,10,核心一级资本充足率 1 10.24 9.09 9.25,8,10,不良贷款率 8 2.39 1.54 1.22,9,10,拨备覆盖率 9 189.43 286.53 367.04,7,10,成本收入比 7 33.28 34.56 36.30,,,,3,10,加权平均净资产收益率 3 16.79 19.57 20.89,3
601288,农业银行,2016,02_数据集/上市银行年报PDF/601288_农业银行_2016_年度报告.pdf,19570061,9,"资产总额 19,570,061 17,791,393 15,974,152",9719639,9,"发放贷款和垫款总额 9,719,639 8,909,918 8,098,067",14233459,26,"吸收存款总额 14,233,459 209,149 1.47 12,865,645 233,377 1.81",,,,,,,1,10,资本充足率 1 13.04 13.40 12.82,1,10,一级资本充足率 1 11.06 10.96 9.46,1,10,核心一级资本充足率 1 10.38 10.24 9.09,8,10,不良贷款率 8 2.37 2.39 1.54,9,10,拨备覆盖率 9 173.40 189.43 286.53,7,10,成本收入比 7 34.59 33.28 34.56,15.14,15,净资产收益率（ROAE）15.14%。不良贷款率 2.37%，较上年末下降 0.02 个百分点。拨备,3,10,加权平均净资产收益率 3 15.14 16.79 19.57,2
601288,农业银行,2017,02_数据集/上市银行年报PDF/601288_农业银行_2017_年度报告.pdf,21053382,9,"资产总额 21,053,382 19,570,061 17,791,393",10720611,9,"发放贷款和垫款总额 10,720,611 9,719,639 8,909,918",15599797,25,"吸收存款总额 15,599,797 209,782 1.34 14,233,459 209,149 1.47",,,,78.9,16,贷存比为78.9%； 涉农贷款和农户贷款（涉农贷款口径）余额分别突破3万亿元和1万亿元；,1,10,资本充足率 1 13.74 13.04 13.40,1,10,一级资本充足率 1 11.26 11.06 10.96,1,10,核心一级资本充足率 1 10.63 10.38 10.24,8,10,不良贷款率 8 1.81 2.37 2.39,9,10,拨备覆盖率 9 208.37 173.40 189.43,7,10,成本收入比 7 32.96 34.59 33.28,0.95,14,比增长4.9%，增速居可比同业前列；平均总资产回报率（ ROAA）0.95%，加权平均净资,3,10,加权平均净资产收益率 3 14.57 15.14 16.79,1
601288,农业银行,2018,02_数据集/上市银行年报PDF/601288_农业银行_2018_年度报告.pdf,22609471,9,"资产总额 22,609,471 21,053,382 19,570,061",11940685,9,"发放贷款和垫款总额 11,940,685 10,720,611 9,719,639",16398914,23,"吸收存款总额 16,398,914 227,819 1.39 15,599,797 209,782 1.34",,,,,,,1,10,资本充足率 1 15.12 13.74 13.04,1,10,一级资本充足率 1 12.13 11.26 11.06,1,10,核心一级资本充足率 1 11.55 10.63 10.38,8,10,不良贷款率 8 1.59 1.81 2.37,9,10,拨备覆盖率 9 252.18 208.37 173.40,7,10,成本收入比 7 31.27 32.96 34.59,,,,3,10,加权平均净资产收益率 3 13.66 14.57 15.14,3
601288,农业银行,2019,02_数据集/上市银行年报PDF/601288_农业银行_2019_年度报告.pdf,24878288,9,"资产总额 24,878,288 22,609,471 21,053,382",13360188,9,"发放贷款和垫款总额 13,360,188 11,940,685 10,720,611",17615216,27,"吸收存款总额 17,615,216 279,737 1.59 16,398,914 227,819 1.39",,,,,,,1,10,资本充足率 1 16.13 15.12 13.74,1,10,一级资本充足率 1 12.53 12.13 11.26,1,10,核心一级资本充足率 1 11.24 11.55 10.63,8,10,不良贷款率 8 1.40 1.59 1.81,9,10,拨备覆盖率 9 288.75 252.18 208.37,30.49,23,成本收入比 30.49%，较上年下降 0.78个百分点，实现连续三年下降。 全年 实现净利润,,,,3,10,加权平均净资产收益率 3 12.43 13.66 14.57,3
601288,农业银行,2020,02_数据集/上市银行年报PDF/601288_农业银行_2020_年度报告.pdf,27205047,9,"资产总额 27,205,047 24,877,491 22,608,452",15170442,9,"发放贷款和垫款总额 15,170,442 13,360,342 11,940,322",18611986,28,"吸收存款总额 18,611,986 284,552 1.53 17,615,216 279,737 1.59",,,,,,,1,10,资本充足率 1 16.59 16.13 15.12,1,10,一级资本充足率 1 12.92 12.53 12.13,1,10,核心一级资本充足率 1 11.04 11.24 11.55,8,10,不良贷款率 8 1.57 1.40 1.59,9,10,拨备覆盖率 9 260.64 288.75 252.18,29.23,24,"成本收入比29.23%，下降1.26个百分点。全年实现净利润2,164.00亿元，增加34.76亿元，",,,,3,10,加权平均净资产收益率 3 11.35 12.43 13.66,3
601288,农业银行,2021,02_数据集/上市银行年报PDF/601288_农业银行_2021_年度报告.pdf,29069155,9,"资产总额 29,069,155 27,205,047 24,877,491",17175073,9,"发放贷款和垫款总额 17,175,073 15,170,442 13,360,342",20482267,26,"吸收存款总额 20,482,267 329,593 1.61 18,611,986 284,552 1.53",,,,,,,1,10,资本充足率 1 17.13 16.59 16.13,1,10,一级资本充足率 1 13.46 12.92 12.53,1,10,核心一级资本充足率 1 11.44 11.04 11.24,1.43,15,"不良贷款率1.43%，比上年末下降0.14个百分点。全年实现营业收入 7,199亿元，比",9,10,拨备覆盖率 9 299.73 266.20 295.45,7,10,成本收入比 7 30.46 29.23 30.49,,,,3,10,加权平均净资产收益率 3 11.57 11.35 12.43,3
601288,农业银行,2022,02_数据集/上市银行年报PDF/601288_农业银行_2022_年度报告.pdf,33927533,9,"资产总额 33,927,533 29,069,155 27,205,047",19765745,9,"发放贷款和垫款总额 19,765,745 17,175,073 15,170,442",22874532,25,"吸收存款总额 22,874,532 388,546 1.70 20,482,267 329,593 1.61",,,,,,,17.20,12,"资本充足率 17.20%，比上年末上升 7BP。效的韧性较好，实现净利润 2,587 亿元，比上年",1,10,一级资本充足率 1 13.37 13.46 12.92,1,10,核心一级资本充足率 1 11.15 11.44 11.04,8,10,不良贷款率 8 1.37 1.43 1.57,9,10,拨备覆盖率 9 302.60 299.73 266.20,7,10,成本收入比 7 31.63 30.46 29.23,,,,3,10,加权平均净资产收益率 3 11.28 11.57 11.35,3
601288,农业银行,2023,02_数据集/上市银行年报PDF/601288_农业银行_2023_年度报告.pdf,39872989,9,"资产总额 39,872,989 33,927,533 33,925,488 29,069,155",22614621,9,"发放贷款和垫款总额 22,614,621 19,765,745 19,763,827 17,175,073",26715196,23,"吸收存款总额 26,715,196 475,534 1.78 22,874,532 388,546 1.70",,,,,,,1,10,资本充足率 1 17.14 17.20 17.20 17.13,1,10,一级资本充足率 1 12.87 13.37 13.37 13.46,1,10,核心一级资本充足率 1 10.72 11.15 11.15 11.44,8,10,不良贷款率 8 1.33 1.37 1.37 1.43,9,10,拨备覆盖率 9 303.87 302.60 302.60 299.73,7,10,成本收入比 7 33.86 31.63 32.81 30.46,,,,3,10,加权平均净资产收益率 3 10.91 11.28 11.29 11.57,3
601328,交通银行,2014,02_数据集/上市银行年报PDF/601328_交通银行_2014_年度报告.pdf,,,,,,,,,,,,,,,,,,,,,,,,,,,,,,,,,,1.08,19,ཫಂ。̻ѩ༟ପΫజଟ(ROAA)ᛆूజཇଟ(ROAE)މ1.08%ձ14.79%，Νˢʱ,,,,12
601328,交通银行,2015,02_数据集/上市银行年报PDF/601328_交通银行_2015_年度报告.pdf,,,,,,,,,,,,,,,,,,,,,,,,,,,,,,,,,,,,,,,,13
601328,交通银行,2016,02_数据集/上市银行年报PDF/601328_交通银行_2016_年度报告.pdf,,,,,,,,,,,,,,,,,,,,,,,,,,,,,,,,,,,,,,,,13
601328,交通银行,2017,02_数据集/上市银行年报PDF/601328_交通银行_2017_年度报告.pdf,,,,,,,,,,,,,,,,,,,,,,,,,,,,,,,,,,,,,,,,13
601328,交通银行,2018,02_数据集/上市银行年报PDF/601328_交通银行_2018_年度报告.pdf,9355147,41,"资产总额 9,355,147 8,806,614",3218601,46,"公司贷款总额 3,218,601 66.31 3,169,374 69.21",,,,,,,,,,,,,,,,,,,1.78,30,h 报告期末 ，集团公司不良贷款余额为人民币571.72亿元 ，不良贷款率为1.78% 。,,,,,,,,,,,,,10
601328,交通银行,2019,02_数据集/上市银行年报PDF/601328_交通银行_2019_年度报告.pdf,,,,,,,,,,,,,,,,,,,,,,,,,,,,,,,,,,,,,,,,13
601328,交通银行,2020,02_数据集/上市银行年报PDF/601328_交通银行_2020_年度报告.pdf,,,,,,,,,,,,,,,,,,,,,,,,,,,,,,,,,,,,,,,,13
601328,交通银行,2021,02_数据集/上市银行年报PDF/601328_交通银行_2021_年度报告.pdf,,,,,,,,,,,,,,,,,,,,,,,,,,,,,,,,,,0.03,12,ᅡ௪ᔧႊଟ166.50% d༰ɪϋ͋౤ʺ22.63ϵʱᓃi ROAA eROAE Νˢʱй౤ʺ0.03 e0.41ϵʱᓃ fί຾ᐄਿ,,,,12
601328,交通银行,2022,02_数据集/上市银行年报PDF/601328_交通银行_2022_年度报告.pdf,,,,,,,,,,,,,,,,,,,,,,,,,,,,,,,5,8,成本收入比5 28.14 27.67 26.81 28.63 30.11,,,,,,,12
601328,交通银行,2023,02_数据集/上市银行年报PDF/601328_交通银行_2023_年度报告.pdf,14060472,9,"资产总额 14,060,472 12,991,571 8.23 12,992,419 11,665,757",7741769,21,"客户贷款总额 7,741,769 306,150 3.95 6,933,773 291,850 4.21",8277139,22,"客户存款总额 8,277,139 192,982 2.33 7,466,070 163,457 2.19",64.92,50,流动性比例(%) ≥25 64.92 69.76 67.11,,,,15.27,31,资本充足率(%) 15.27 15.10 14.97 14.80,12.22,31,一级资本充足率(%) 12.22 11.76 12.18 11.74,10.23,31,核心一级资本充足率(%) 10.23 9.55 10.06 9.40,1.33,12,取得扎实成效， 集团不良贷款率1.33%， 较上年下降0.02个百分点； 拨备覆盖率195.21%， 较上年提升14.53,195.21,14,拨备覆盖率 195.21%，较上年末提升 14.53 个百分点。交行稳中向好的经营态势得到市场的肯定，一级资,27,23,30.04%，同比上升0.39个百分点。如对债券利息等收入免税影响进行还原，成本收入比约为27%。,,,,,,,3
601398,工商银行,2014,02_数据集/上市银行年报PDF/601398_工商银行_2014_年度报告.pdf,20609953,11,"资产总额 20,609,953 18,917,752 17,542,217",4.8,73,本行对最大单一客户的贷款总额占本行资本净额的 4.8%，对最大十家单一,15556601,11,"客户存款 15,556,601 14,620,825 13,642,910",,,,,,,14.53,13,资本充足率分别达到 14.53%、12.19%和 11.92%，比上年末提高 141BP、162BP,,,,10.56,22,拨备覆盖率232.06%；核心一级资本充足率10.56%，一级资本充足率10.76%，资,1.25,22,"172.34万亿元， 增长13.87%。 商业银行不良贷款余额8,426亿元， 不良贷款率1.25%，",232.06,22,拨备覆盖率232.06%；核心一级资本充足率10.56%，一级资本充足率10.76%，资,1.28,23,成本收入比下降 1.28 个百分点至 26.75%； 计提资产减值损失567.29 亿元， 增长,,,,19.96,23,"加权平均净资产收益率 19.96%。营业收入 6,588.92 亿元，增长 11.7%，其中：",4
601398,工商银行,2015,02_数据集/上市银行年报PDF/601398_工商银行_2015_年度报告.pdf,,,,,,,,,,,,,,,,,,,,,,,,,,,,,,,,,,,,,,,,13
601398,工商银行,2016,02_数据集/上市银行年报PDF/601398_工商银行_2016_年度报告.pdf,24137265,11,"资产总额 24,137,265 22,209,780 20,609,953",4.5,71,本行对最大单一客户的贷款总额占资本净额的 4.5%，对最大十家单一客户,17825302,11,"客户存款 17,825,302 16,281,939 15,556,601",,,,,,,,,,11.25,20,10.75%，一级资本充足率 11.25%，资本充足率 13.28%。,,,,1.74,20,"额 15,123 亿元，不良贷款率 1.74%，拨备覆盖率 176.40%。核心一级资本充足率",176.40,20,"额 15,123 亿元，不良贷款率 1.74%，拨备覆盖率 176.40%。核心一级资本充足率",25.91,22,"亿元，下降 6.7%， 其中业务及管理费1,751.56 亿元，下降 1.5%， 成本收入比25.91%；",,,,15.24,22,亿元，增长 0.5%，平均总资产回报率 1.20%，加权平均净资产收益率 15.24%。,5
601398,工商银行,2017,02_数据集/上市银行年报PDF/601398_工商银行_2017_年度报告.pdf,26087043,10,"资产总额 26,087,043 24,137,265 22,209,780",4.9,70,本行对最大单一客户的贷款总额占资本净额的 4.9%，对最大十家单一客户,19226349,10,"客户存款 19,226,349 17,825,302 16,281,939",,,,,,,,,,11.35,19,10.75%，一级资本充足率 11.35%，资本充足率 13.65%。,,,,1.74,19,额 1.71 万亿元， 不良贷款率1.74%，拨备覆盖率 181.42%；核心一级资本充足率,154.07,69,拨备覆盖率 154.07%，提高 17.38 个百分点；贷款拨备率 2.39%，提高 0.17 个百,24.46,21,"其中业务及管理费 1,777.23 亿元，增长 1.5%，成本收入比 24.46%；计提资产减",,,,14.35,21,亿元，增长 3.0%，平均总资产回报率 1.14%，加权平均净资产收益率 14.35%。,5
601398,工商银行,2018,02_数据集/上市银行年报PDF/601398_工商银行_2018_年度报告.pdf,27699540,10,"资产总额 27,699,540 26,087,043 24,137,265",3.8,71,本行对最大单一客户的贷款总额占资本净额的 3.8%，对最大十家单一客户,21408934,10,"客户存款 21,408,934 19,562,936 18,113,931",43.8,78,2018 年末， 人民币流动性比例43.8%， 外币流动性比例83.0%， 均满足监管,,,,,,,11.58,16,率 11.03%，一级资本充足率 11.58%，资本充足率为 14.20%。,,,,1.83,16,额 2.03 万亿元，不良贷款率 1.83%，拨备覆盖率为 186.31%；核心一级资本充足,175,13,三年下降，当年下降 46%。拨备覆盖率升至 175%以上。从风控看，深化了对风,23.91,18,"其中业务及管理费 1,850.41 亿元，增长 4.1%，成本收入比 23.91%；计提资产减",,,,,,,5
601398,工商银行,2019,02_数据集/上市银行年报PDF/601398_工商银行_2019_年度报告.pdf,,,,,,,,,,,,,,,,,,,,,,,,,,,,,,,,,,,,,,,,13
601398,工商银行,2020,02_数据集/上市银行年报PDF/601398_工商银行_2020_年度报告.pdf,33345058,14,"资产总额 33,345,058 30,109,436 27,699,540",,,,25134726,14,"客户存款 25,134,726 22,977,655 21,408,934",,,,,,,16.88,17,年增长 1.4%；不良贷款率 1.58%，保持在稳健区间；资本充足率达到 16.88%。,10.72,22,心一级资本充足率 10.72%，一级资本充足率 12.04%，资本充足率 14.7%。,,,,1.58,17,年增长 1.4%；不良贷款率 1.58%，保持在稳健区间；资本充足率达到 16.88%。,180.68,20,次实现年度为负。 拨备覆盖率180.68%。 成本收入比22.30%， 继续保持在较优水,22.30,20,次实现年度为负。 拨备覆盖率180.68%。 成本收入比22.30%， 继续保持在较优水,,,,11.95,23,亿元，增长 1.4%，平均总资产回报率 1.00%，加权平均净资产收益率 11.95%。,5
601398,工商银行,2021,02_数据集/上市银行年报PDF/601398_工商银行_2021_年度报告.pdf,,,,,,,,,,,,,,,,,,,,,,,,,,,,,,,6,13,成本收入比 (6) 26.36 24.76 25.79 25.71 26.45,,,,,,,12
601398,工商银行,2022,02_数据集/上市银行年报PDF/601398_工商银行_2022_年度报告.pdf,,,,,,,,,,,,,,,,,,,,,,,,,,,,,,,,,,0.97,18,(ROA)0.97%d̋ᛆ̻ѩᛆूΫజଟ (ROE)11.43%ϗूଟ (NIM)1.92%d̋ɽᜫлྼ᜗຾᏶ɢ,11.43,18,(ROA)0.97%d̋ᛆ̻ѩᛆूΫజଟ (ROE)11.43%ϗूଟ (NIM)1.92%d̋ɽᜫлྼ᜗຾᏶ɢ,11
601398,工商银行,2023,02_数据集/上市银行年报PDF/601398_工商银行_2023_年度报告.pdf,44697079,14,"资产总额 44,697,079 39,609,657 39,610,146 35,171,383",,,,33521174,15,"客户存款 33,521,174 29,870,491 29,870,491 26,441,774",,,,,,,15.06,22,余额 3.23 万亿元， 不良贷款率1.59%， 拨备覆盖率205.14%； 资本充足率15.06%。,,,,,,,1.59,22,余额 3.23 万亿元， 不良贷款率1.59%， 拨备覆盖率205.14%； 资本充足率15.06%。,205.14,22,余额 3.23 万亿元， 不良贷款率1.59%， 拨备覆盖率205.14%； 资本充足率15.06%。,26.96,18,成本收入比 26.96%，均保持较优水平；实现“量”的合理增长，净利润增长至,0.87,18,这一年，本行发展实现 “质” 的有效提升，ROA、ROE 分别为 0.87%、10.66%，,10.66,23,"0.87%，加权平均净资产收益率 10.66%。 营业收入8,430.70 亿元， 下降3.7%。其",5
601939,建设银行,2014,02_数据集/上市银行年报PDF/601939_建设银行_2014_年度报告.pdf,16744130,6,"资产总额 16,744,130 15,363,210 8.99 13,972,828 12,281,834 10,810,317",9474523,6,"客户贷款和垫款总额 9,474,523 8,590,057 10.30 7,512,312 6,496,411 5,669,128",12354674,20,"客户存款总额 12,354,674 237,383 1.92 11,690,720 220,588 1.89",,,,,,,14.87,72,资本充足率 14.87% 14.59% 13.34% 13.06%,14.87,10,一级资本充足率分别为 14.87%和 12.12%。基于良好的业绩，本行董事会建议派发末期,12.12,72,核心一级资本充足率 12.12% 11.78% 10.75% 10.44%,1.19,7,不良贷款率 1.19 0.99 0.20 0.99 1.09 1.14,222.33,11,抵补水平。于 2014 年末，本集团不良贷款率为 1.19%，拨备覆盖率 222.33%，减值准,28.85,23,成本收入比(%) 28.85 29.65,,,,1.42,10,平均资产回报率和加权平均净资产收益率分别为 1.42%和 19.74%，资本充足率和核心,3
601939,建设银行,2015,02_数据集/上市银行年报PDF/601939_建设银行_2015_年度报告.pdf,18349489,6,"资产总额 18,349,489 16,744,093 9.59 15,363,210 13,972,828 12,281,834",10485140,6,"客户贷款和垫款总额 10,485,140 9,474,510 10.67 8,590,057 7,512,312 6,496,411",13350333,21,"客户存款总额 13,350,333 245,601 1.84 12,354,674 237,383 1.92",,,,,,,15.39,75,资本充足率 15.39% 15.26% 14.86% 14.59%,13.32,75,一级资本充足率 13.32% 13.13% 12.11% 11.78%,13.13,75,核心一级资本充足率 13.13% 12.94% 12.11% 11.78%,1.58,7,不良贷款率 1.58 1.19 0.39 0.99 0.99 1.09,150.99,10,2015 年末，本集团不良贷款率为 1.58%，拨备覆盖率 150.99%，减值准备对贷款总额比,26.98,24,成本收入比(%) 26.98 28.85,,,,1.30,10,回报率和加权平均净资产收益率分别为 1.30%和 17.27%，资本充足率和核心一级资本,3
601939,建设银行,2016,02_数据集/上市银行年报PDF/601939_建设银行_2016_年度报告.pdf,,,,,,,,,,,,,,,,,,,,,,,,,,,,,,,,,,,,,,,,13
601939,建设银行,2017,02_数据集/上市银行年报PDF/601939_建设银行_2017_年度报告.pdf,22124383,7,"资产总额 22,124,383 20,963,705 5.54 18,349,489 16,744,093 15,363,210",12903441,7,"客户贷款和垫款总额 12,903,441 11,757,032 9.75 10,485,140 9,474,510 8,590,057",16037819,23,"客户存款总额 16,037,819 213,313 1.33 14,666,217 212,474 1.45",,,,2,64,存贷比率 2 人民币 70.73 68.17 69.80,15.50,74,资本充足率 15.50% 15.33% 14.94% 14.93%,13.71,74,一级资本充足率 13.71% 13.47% 13.15% 13.06%,13.09,74,核心一级资本充足率 13.09% 12.87% 12.98% 12.89%,1.49,8,不良贷款率 1.49 1.52 (0.03) 1.58 1.19 0.99,7,8,拨备覆盖率 7 171.08 150.36 20.72 150.99 222.33 268.22,26.95,26,成本收入比(%) 26.95 27.49,,,,2,8,加权平均净资产收益率 2 14.80 15.44 (0.64) 17.27 19.74 21.23,2
601939,建设银行,2018,02_数据集/上市银行年报PDF/601939_建设银行_2018_年度报告.pdf,23222693,10,"资产总额 23,222,693 22,124,383 4.96 20,963,705 18,349,489 16,744,093",13071979,22,"发放贷款和垫款总额 13,071,979 566,942 4.34 12,332,949 515,427 4.18",16711441,25,"吸收存款总额 16,711,441 232,877 1.39 16,037,819 213,313 1.33",,,,2,63,存贷比率 2 人民币 73.71 70.73 68.17,17.19,70,资本充足率 17.19% 17.22% 15.50% 15.33%,14.42,70,一级资本充足率 14.42% 14.30% 13.71% 13.47%,13.83,70,核心一级资本充足率 13.83% 13.74% 13.09% 12.87%,1.46,11,不良贷款率 1.46 1.49 (0.03) 1.52 1.58 1.19,7,11,拨备覆盖率 7 208.37 171.08 37.29 150.36 150.99 222.33,26.42,28,成本收入比(%) 26.42 26.95,,,,2,11,加权平均净资产收益率 2 14.04 14.80 (0.76) 15.44 17.27 19.74,2
601939,建设银行,2019,02_数据集/上市银行年报PDF/601939_建设银行_2019_年度报告.pdf,25436261,9,"资产总额 25,436,261 23,222,693 9.53 22,124,383 20,963,705 18,349,489",14046564,23,"发放贷款和垫款总额 14,046,564 630,529 4.49 13,071,979 566,942 4.34",17860809,26,"吸收存款总额 17,860,809 280,934 1.57 16,711,441 232,877 1.39",,,,2,65,存贷比率 2 人民币 77.68 73.71 70.73,17.52,72,资本充足率 17.52% 17.67% 17.19% 17.22%,14.68,72,一级资本充足率 14.68% 14.65% 14.42% 14.30%,13.88,72,核心一级资本充足率 13.88% 13.88% 13.83% 13.74%,1.42,10,不良贷款率 1.42 1.46 (0.04) 1.49 1.52 1.58,7,10,拨备覆盖率 7 227.69 208.37 19.32 171.08 150.36 150.99,26.53,28,成本收入比(%) 26.53 26.42,,,,2,10,加权平均净资产收益率 2 13.18 14.04 (0.86) 14.80 15.44 17.27,2
601939,建设银行,2020,02_数据集/上市银行年报PDF/601939_建设银行_2020_年度报告.pdf,28132254,10,"资产总额 28,132,254 25,436,261 10.60 23,222,693 22,124,383 20,963,705",16191067,24,"发放贷款和垫款总额 16,191,067 710,531 4.39 14,452,427 656,915 4.55",19718339,27,"吸收存款总额 19,718,339 313,852 1.59 17,860,809 280,934 1.57",,,,2,73,存贷比率2 人民币 78.49 77.68 73.71,13.62,76,资本充足率13.62%，均满足监管要求。与2019年12月31日相比，本集团资本充足率、一级,14.22,76,一级资本充足率(%) 14.22 14.18 14.68 14.65,13.62,76,核心一级资本充足率(%) 13.62 13.63 13.88 13.88,1.56,11,不良贷款率 1.56 1.42 0.14 1.46 1.49 1.52,8,11,拨备覆盖率8 213.59 227.69 (14.10) 208.37 171.08 150.36,25.12,30,成本收入比(%) 25.12 26.53 (1.41),1.02,15,ROA、ROE分别为1.02%和12.12%，位居同业前列；不良率1.56%，资产质量保持稳定。董,2,11,加权平均净资产收益率2 12.12 13.18 (1.06) 14.04 14.80 15.44,1
601939,建设银行,2021,02_数据集/上市银行年报PDF/601939_建设银行_2021_年度报告.pdf,30253979,14,"资产总额 30,253,979 28,132,254 7.54 25,436,261 23,222,693 22,124,383",18028304,24,"发放贷款和垫款总额 18,028,304 767,061 4.25 16,191,067 710,531 4.39",21397697,27,"吸收存款总额 21,397,697 358,241 1.67 19,718,339 313,852 1.59",,,,2,75,存贷比率 2 人民币 82.28 78.49 77.68,17.85,78,资本充足率(%) 17.85 18.03 17.06 17.15,14.14,78,一级资本充足率(%) 14.14 14.09 14.22 14.18,13.59,78,核心一级资本充足率(%) 13.59 13.61 13.62 13.63,1.42,15,不良贷款率 1.42 1.56 (0.14) 1.42 1.46 1.49,7,15,拨备覆盖率 7 239.96 213.59 26.37 227.69 208.37 171.08,27.43,30,成本收入比(%) 27.43 25.12 2.31 26.53,1.04,17,11.09%；ROA、ROE分别为1.04%和12.55%， 位居同业前列； 不良率1.42%， 较上年下降0.14,2,15,加权平均净资产收益率 2 12.55 12.12 0.43 13.18 14.04 14.80,1
601939,建设银行,2023,02_数据集/上市银行年报PDF/601939_建设银行_2023_年度报告.pdf,,,,,,,74.27,24,吸收存款74.27%,,,,,,,,,,,,,,,,,,,,,,,,,11.56,12,0.91%ROA 11.56% 17.95%ROE,,,,11
601988,中国银行,2014,02_数据集/上市银行年报PDF/601988_中国银行_2014_年度报告.pdf,,,,,,,,,,,,,,,,,,,,,,,,,,,,,,,,,,1.22,22,ڗ8.22%ձ8.08% f̻ѩᐼ༟ପΫజଟ (ROA)1.22%ࠥ0.01ࡈ,17.28,22,ϵʱᓃf ଋ༟ପϗूଟ (ROE)17.28%ࠥ0.76ϵʱᓃf,11
601988,中国银行,2015,02_数据集/上市银行年报PDF/601988_中国银行_2015_年度报告.pdf,16.82,14,根据中国会计准则，2015 年末本行资产总额 16.82 万亿元，负债总额 15.46 万亿元，归属,9135860,9,"客户贷款总额 9,135,860 8,483,275 7,607,791",117291.71,27,"年末集团客户存款总额 117,291.71 亿元，比上年末增加 8,439.48 亿元，增长 7.75%。其中，",,,,,,,14.06,9,资本充足率（%） 14.06 13.87 12.46,12.07,9,一级资本充足率（%） 12.07 11.35 9.70,11.10,9,核心一级资本充足率（%） 11.10 10.61 9.69,12,9,不良贷款率（%） 12 1.43 1.18 0.96,13,9,不良贷款拨备覆盖率（%） 13 153.30 187.60 229.35,10,9,成本收入比（%） 10 28.30 28.57 30.61,1.12,19,元，分别同比增长 1.25%和 0.74%。平均总资产回报率(ROA)1.12%，同比下降 0.10 个百分,14.53,19,点。净资产收益率(ROE)14.53%，同比下降 2.75 个百分点。,2
601988,中国银行,2016,02_数据集/上市银行年报PDF/601988_中国银行_2016_年度报告.pdf,18.15,14,根据中国会计准则，2016 年末本行资产总额 18.15 万亿元，负债总额 16.66 万亿元，归属,9973362,9,"客户贷款总额 9,973,362 9,135,860 8,483,275",129397.48,26,"年末集团客户存款总额 129,397.48 亿元，比上年末增加 12,105.77 亿元，增长 10.32%。其",,,,,,,14.28,9,资本充足率（%） 14.28 14.06 13.87,12.28,9,一级资本充足率（%） 12.28 12.07 11.35,11.37,9,核心一级资本充足率（%） 11.37 11.10 10.61,12,9,不良贷款率（%） 12 1.46 1.43 1.18,13,9,不良贷款拨备覆盖率（%） 13 162.82 153.30 187.60,10,9,成本收入比（%） 10 28.08 28.30 28.57,1.05,19,"2016年，集团实现净利润 1,840.51亿元，同比增长2.58%。平均总资产回报率 (ROA)1.05%，",12.58,19,同比下降0.07个百分点。净资产收益率(ROE)12.58%，同比下降1.95个百分点。,2
601988,中国银行,2017,02_数据集/上市银行年报PDF/601988_中国银行_2017_年度报告.pdf,,,,,,,,,,,,,,,,,,,,,,,,,,,,,,,9,12,成本收入比 （中國內地監管口徑，%） 9 28.34 28.08 28.30 28.57 30.61,0.98,22,回報率 (ROA) 0.98% ， 淨資產收益率 (ROE) 12.24% 。,12.24,22,回報率 (ROA) 0.98% ， 淨資產收益率 (ROE) 12.24% 。,10
601988,中国银行,2018,02_数据集/上市银行年报PDF/601988_中国银行_2018_年度报告.pdf,201,29,资产总额的8.68%。2018年实现利润总额173.02 亿元，同比增加21.50亿元，增长14.19%，,11819272,9,"客户贷款总额 11,819,272 10,896,558 9,973,362",148835.96,26,"年末集团客户存款总额148,835.96亿元，比上年末增加12,256.72亿元，增长8.97%。其中，",,,,,,,14.97,9,资本充足率（%） 14.97 14.19 14.28,12.27,9,一级资本充足率（%） 12.27 12.02 12.28,11.41,9,核心一级资本充足率（%） 11.41 11.15 11.37,14,9,不良贷款率（%） 14 1.42 1.45 1.46,15,9,不良贷款拨备覆盖率（%） 15 181.97 159.18 162.82,12,9,成本收入比（%） 12 28.09 28.34 28.08,0.94,19,(ROA) 0.94%，净资产收益率(ROE) 12.06%。,12.06,19,(ROA) 0.94%，净资产收益率(ROE) 12.06%。,2
601988,中国银行,2019,02_数据集/上市银行年报PDF/601988_中国银行_2019_年度报告.pdf,201,29,资产总额的 8.52%。2019年实现利润总额 157.65亿元，同比减少 15.37亿元，下降 8.88%，,13068785,9,"客户贷款总额 13,068,785 11,819,272 10,896,558",158175.48,26,"客户存款总额158,175.48亿元，比上年末增加 9,339.52亿元，增长6.28%。其中，人民币客",,,,,,,15.59,9,资本充足率（%） 15.59 14.97 14.19,12.79,9,一级资本充足率（%） 12.79 12.27 12.02,11.30,9,核心一级资本充足率（%） 11.30 11.41 11.15,14,9,不良贷款率（%） 14 1.37 1.42 1.45,15,9,不良贷款拨备覆盖率（%） 15 182.86 181.97 159.18,12,9,成本收入比（%） 12 28.00 28.09 28.34,0.92,19,(ROA) 0.92%，净资产收益率(ROE) 11.45%。,11.45,19,(ROA) 0.92%，净资产收益率(ROE) 11.45%。,2
601988,中国银行,2020,02_数据集/上市银行年报PDF/601988_中国银行_2020_年度报告.pdf,16.66,28,资产总额的16.66%。2020年实现利润总额502.50亿元，同比减少65.93亿元，下降11.60%，,14216477,10,"客户贷款总额 14,216,477 13,068,785 11,819,272",168791.71,25,"集团客户存款总额168,791.71亿元，比上年末增加10,616.23亿元，增长6.71%。其中，人民",,,,,,,16.22,10,资本充足率（%） 16.22 15.59 14.97,13.19,10,一级资本充足率（%） 13.19 12.79 12.27,11.28,10,核心一级资本充足率（%） 11.28 11.30 11.41,14,10,不良贷款率（%） 14 1.46 1.37 1.42,15,10,不良贷款拨备覆盖率（%） 15 177.84 182.86 181.97,12,10,成本收入比（%） 12 26.73 28.00 28.09,0.87,18,(ROA)0.87%，净资产收益率(ROE)10.61%。,10.61,18,(ROA)0.87%，净资产收益率(ROE)10.61%。,2
601988,中国银行,2021,02_数据集/上市银行年报PDF/601988_中国银行_2021_年度报告.pdf,202,30,资产总额的8.07%。2021年实现利润总额121.88亿元，同比增加48.00亿元，增长64.97%，对,15712574,10,"客户贷款总额 15,712,574 14,216,477 13,068,785",18142887,28,"客户存款总额 18,142,887 100.00% 16,879,171 100.00%",,,,,,,16.53,10,资本充足率（%） 16.53 16.22 15.59,13.32,10,一级资本充足率（%） 13.32 13.19 12.79,11.30,10,核心一级资本充足率（%） 11.30 11.28 11.30,13,10,不良贷款率（%） 13 1.33 1.46 1.37,14,10,不良贷款拨备覆盖率（%） 14 187.05 177.84 182.86,11,10,成本收入比（%） 11 28.17 26.73 28.00,0.89,19,"2,165.59亿元，同比增加236.89亿元，增长12.28%。平均总资产回报率(ROA)0.89%，净资产",11.28,19,收益率(ROE)11.28%。,2
601988,中国银行,2022,02_数据集/上市银行年报PDF/601988_中国银行_2022_年度报告.pdf,,,,,,,,,,,,,,,,,,,,,,,,,,,,,,,,,,0.85,23,జଟ (ROA)0.85% dଋ༟ପϗूଟ (ROE)10.81% f,10.81,23,జଟ (ROA)0.85% dଋ༟ପϗूଟ (ROE)10.81% f,11
601988,中国银行,2023,02_数据集/上市银行年报PDF/601988_中国银行_2023_年度报告.pdf,9,8,平均总资产回报率（%） 9 0.80 0.85 0.85 0.89,19961779,8,"客户贷款总额 19,961,779 17,552,761 17,554,322 15,712,574",22907050,25,"客户存款总额 22,907,050 100.00% 20,201,825 100.00% 18,142,887 100.00%",55.0,60,流动性比例 人民币 ≥25 55.0 49.0 49.6,82.7,60,存贷比 本外币 82.7 82.9 82.5,17.74,8,资本充足率（%） 17.74 17.52 17.52 16.53,13.83,8,一级资本充足率（%） 13.83 14.11 14.11 13.32,11.63,8,核心一级资本充足率（%） 11.63 11.84 11.84 11.30,15,8,不良贷款率（%） 15 1.27 1.32 1.32 1.33,16,8,不良贷款拨备覆盖率（%） 16 191.66 188.73 188.73 187.05,13,8,成本收入比（%） 13 28.50 28.92 27.88 28.17,0.80,16,回报率(ROA)0.80%，净资产收益率(ROE)10.12%。,10.12,16,回报率(ROA)0.80%，净资产收益率(ROE)10.12%。,0
